2519,True
2626,True
2582,True
2519,True
2462,True
2455,True
2449,True
2430,True
2428,True
2347,True
2257,True
2264,True
2245,True
2216,True
2324,True
2283,True
2206,True
2092,True
2276,True
3065,False
2898,False
2569,False
2519,False
2177,False
2232,False
2199,False
2179,False
2166,False
1943,False
1816,False
1842,False
2043,False
1937,False
1985,False
1848,False
1747,False
2125,False
2388,False
2377,False
2321,False
1850,False
5276,True
5216,True
5163,True
5156,True
5077,True
4997,True
4987,True
4965,True
4928,True
4919,True
4852,True
4821,True
4652,True
4628,True
4622,True
4473,True
4403,True
4234,True
4225,True
4198,True
4197,True
4182,True
4169,True
4167,True
4132,True
4105,True
4096,True
4088,True
3834,True
3832,True
3789,True
3742,True
3701,True
3632,True
3545,True
3504,True
3484,True
3442,True
3424,True
3298,True
3290,True
3123,True
3106,True
3064,True
3063,True
3036,True
2900,True
2837,True
2731,True
2732,True
2988,True
2894,True
2789,True
2790,True
2756,True
2758,True
2753,True
2751,True
2684,True
2644,True
2645,True
2607,True
2589,True
2576,True
2459,True
2396,True
2347,True
2205,True
2361,True
2341,True
2337,True
2075,True
2057,True
2051,True
2537,True
2435,True
2416,True
2241,True
2211,True
2204,True
2160,True
2066,True
2002,True
1899,True
1925,True
2133,True
2088,True
2077,True
2026,True
2014,True
1960,True
2070,True
1905,True
2001,True
2101,True
2068,True
1999,True
2478,True
2394,True
2340,True
2247,True
2158,True
2078,True
2067,True
2066,True
4727,False
4348,False
3629,False
3365,False
3250,False
3222,False
3070,False
3086,False
2404,False
2404,False
2377,False
2318,False
2120,False
2369,False
2370,False
2121,False
1916,False
1664,False
1984,False
2022,False
1971,False
1848,False
5236,True
5215,True
5205,True
5178,True
5160,True
5130,True
5117,True
5115,True
5093,True
5075,True
5014,True
4995,True
4823,True
4764,True
4690,True
4642,True
4633,True
4606,True
4603,True
4578,True
4534,True
4506,True
4444,True
4435,True
4298,True
4242,True
4079,True
4031,True
3931,True
3866,True
3833,True
3796,True
3759,True
3732,True
3637,True
3634,True
3592,True
3578,True
3507,True
3433,True
3394,True
3305,True
3214,True
3197,True
3160,True
3149,True
3125,True
3064,True
3063,True
3060,True
3010,True
2938,True
2892,True
2883,True
2816,True
2815,True
2800,True
2799,True
2786,True
2482,True
2407,True
2298,True
2253,True
2187,True
2864,True
2862,True
2821,True
2780,True
2776,True
2737,True
2714,True
2575,True
2320,True
2117,True
2113,True
2039,True
1976,True
1972,True
2020,True
2346,True
2214,True
3180,True
2989,True
2986,True
2991,True
2982,True
2965,True
2860,True
2846,True
2827,True
2718,True
2664,True
2612,True
2609,True
2611,True
2543,True
2508,True
2266,True
2261,True
2211,True
2188,True
2137,True
2613,True
2602,True
2560,True
2478,True
2435,True
2216,True
2206,True
2186,True
2146,True
4629,False
4604,False
4407,False
4188,False
3962,False
3807,False
3447,False
3413,False
2907,False
2877,False
2692,False
2526,False
2486,False
2485,False
2444,False
2193,False
2129,False
2117,False
2733,False
2270,False
2630,False
2581,False
2568,False
2297,False
2232,False
1811,True
2286,True
2497,True
2470,True
2352,True
2436,False
2298,False
2237,False
2199,False
1946,False
2816,False
2804,False
2498,False
2491,False
2104,False
2680,False
2301,False
2143,False
2057,False
2032,False
1905,False
1802,False
1812,False
1788,False
5503,True
5349,True
5305,True
5216,True
5058,True
5039,True
5021,True
4986,True
4813,True
4809,True
4745,True
4714,True
4698,True
4637,True
4635,True
4625,True
4616,True
4584,True
4510,True
4504,True
4472,True
4467,True
4393,True
4354,True
4118,True
4111,True
4065,True
4060,True
4058,True
3815,True
3716,True
3665,True
3616,True
3595,True
3505,True
3491,True
3444,True
3401,True
3399,True
3397,True
3368,True
3336,True
3324,True
3317,True
3264,True
3141,True
3119,True
3099,True
3071,True
3058,True
3036,True
2954,True
2922,True
2791,True
2913,True
2830,True
2811,True
2769,True
2752,True
2739,True
2547,True
2259,True
2232,True
2206,True
2089,True
2406,True
2394,True
2325,True
2309,True
2768,True
2722,True
2695,True
2560,True
2538,True
2467,True
2408,True
2385,True
2380,True
2269,True
2260,True
2297,True
2285,True
2184,True
2213,True
2302,True
2298,True
2298,True
2227,True
2228,True
2179,True
2132,True
2124,True
2318,True
2296,True
2294,True
2279,True
2270,True
2453,True
2447,True
2383,True
2353,True
2337,True
2318,True
2202,True
2356,True
4874,False
4515,False
4356,False
4260,False
3706,False
3062,False
3006,False
2759,False
2746,False
2725,False
2465,False
2153,False
2260,False
2221,False
2121,False
2464,False
2324,False
2408,False
2463,False
2226,False
2268,False
2224,False
1963,False
2700,False
2570,False
2797,False
2564,False
2353,False
1971,False
1780,False
6167,True
6160,True
6144,True
6127,True
6110,True
6084,True
6074,True
6025,True
5984,True
5937,True
5895,True
5857,True
5845,True
5740,True
5559,True
5548,True
5544,True
5493,True
5443,True
5239,True
5189,True
5154,True
4997,True
4924,True
4826,True
4720,True
4433,True
4432,True
4287,True
4285,True
4207,True
4117,True
3961,True
3958,True
4134,True
4111,True
4097,True
4059,True
4037,True
3937,True
3880,True
3874,True
3871,True
3825,True
3812,True
3795,True
3713,True
3672,True
3639,True
3506,True
3477,True
3440,True
3359,True
3288,True
3217,True
3204,True
3161,True
3159,True
2888,True
2868,True
2825,True
2750,True
2615,True
2568,True
2563,True
2540,True
2537,True
2497,True
2338,True
2232,True
2213,True
2213,True
2207,True
2182,True
2133,True
2129,True
2126,True
2175,True
2200,True
2022,True
2074,True
2226,True
2299,True
2257,True
2481,True
2401,True
2280,True
2235,True
2139,True
2439,True
2346,True
2338,True
2292,True
2286,True
2280,True
2431,True
2393,True
2317,True
2301,True
2294,True
2250,True
2211,True
2214,True
2178,True
2146,True
2134,True
2061,True
2024,True
2888,True
2782,True
2779,True
2756,True
2737,True
2631,True
2537,True
2502,True
2606,True
4914,False
4661,False
4215,False
3914,False
3538,False
3495,False
3426,False
2720,False
2650,False
2529,False
2469,False
2026,False
2227,False
2148,False
2114,False
2449,False
2119,False
2154,False
1907,False
2402,False
2084,False
2175,False
1865,True
2140,True
2372,True
2360,True
2347,True
2305,True
2231,True
2224,True
2463,True
2456,True
2454,True
2399,True
2386,True
2375,True
2378,True
2300,True
2051,True
2021,True
2159,True
2085,True
2042,True
1971,True
1830,True
2668,False
2683,False
3153,False
3134,False
2516,False
2508,False
2820,False
2563,False
2512,False
2356,False
4860,True
4831,True
4825,True
4761,True
4736,True
4712,True
4704,True
4666,True
4664,True
4640,True
4580,True
4558,True
4554,True
4549,True
4510,True
4243,True
4216,True
4178,True
4147,True
4134,True
4119,True
3756,True
3747,True
3740,True
3577,True
3218,True
3207,True
3168,True
3013,True
2990,True
2916,True
2905,True
2902,True
2897,True
2867,True
2868,True
2863,True
2652,True
2619,True
2529,True
3138,True
3107,True
3026,True
2998,True
2911,True
2781,True
2747,True
2717,True
2575,True
2539,True
2462,True
2439,True
2426,True
2513,True
2513,True
2493,True
2487,True
2468,True
2482,True
2558,True
2478,True
2738,True
2708,True
2656,True
2515,True
2666,True
2585,True
2561,True
2517,True
2509,True
2456,True
2785,True
2703,True
2699,True
2660,True
2660,True
2622,True
2603,True
2606,True
2530,True
2478,True
2999,True
2925,True
2789,True
2747,True
2717,True
2706,True
2619,True
2579,True
2495,True
2485,True
2369,True
2330,True
2298,True
2260,True
2384,True
2331,True
2168,True
2130,True
2289,True
2040,True
6616,False
5668,False
5439,False
5309,False
5179,False
5129,False
5099,False
5013,False
4786,False
4718,False
4683,False
4643,False
4328,False
4313,False
4312,False
3887,False
3876,False
2974,False
2902,False
2774,False
2452,False
2370,False
2096,False
2097,False
2653,False
2464,False
2299,False
2702,False
2170,False
2426,False
2209,False
1959,False
1859,False
2174,False
5033,True
4972,True
4958,True
4850,True
4828,True
4819,True
4809,True
4765,True
4744,True
4719,True
4660,True
4633,True
4593,True
4590,True
4583,True
4534,True
4521,True
4512,True
4501,True
4484,True
4480,True
4467,True
4377,True
4326,True
4273,True
4238,True
4230,True
4197,True
4180,True
4147,True
4137,True
4066,True
4034,True
3928,True
3817,True
3786,True
3747,True
3745,True
3705,True
3624,True
3603,True
3443,True
3416,True
3382,True
3353,True
3297,True
2841,True
3085,True
3064,True
3011,True
2842,True
2740,True
2658,True
2656,True
2523,True
2517,True
2389,True
2518,True
2390,True
2254,True
2255,True
2147,True
2363,True
2312,True
2866,True
2716,True
2559,True
2456,True
2414,True
2332,True
2293,True
2291,True
2252,True
2224,True
2177,True
2171,True
2043,True
2000,True
2152,True
2127,True
2128,True
2112,True
2222,True
2214,True
2200,True
2226,True
2161,True
2154,True
2124,True
2161,True
3294,True
3261,True
3180,True
3166,True
3027,True
3012,True
2994,True
2966,True
2913,True
2906,True
2882,True
2856,True
2852,True
2830,True
2735,True
2719,True
2722,True
2648,True
2435,True
2369,True
2305,True
2243,True
2218,True
2090,True
2065,True
4960,False
4901,False
4899,False
3549,False
3222,False
3187,False
2926,False
2859,False
2493,False
1912,False
2266,False
2171,False
2100,False
2096,False
1982,False
1778,False
2221,False
1970,False
1714,False
1903,False
1724,False
2506,True
2470,True
2400,True
2272,True
2293,True
2300,True
2274,True
2129,True
2131,True
2095,True
1977,True
1973,True
2453,True
2504,True
2529,True
2486,True
2483,True
2443,True
3248,False
3168,False
2828,False
1791,False
1766,False
1905,False
1761,False
2114,False
2046,False
2398,False
5435,True
5394,True
5385,True
5359,True
5328,True
5301,True
5296,True
5216,True
5047,True
5035,True
4961,True
4845,True
4767,True
4700,True
4692,True
4607,True
4578,True
4495,True
4483,True
4475,True
4437,True
4302,True
4228,True
3790,True
3698,True
3690,True
3687,True
3631,True
3587,True
3524,True
3501,True
3399,True
3228,True
3225,True
3211,True
3017,True
2936,True
2888,True
2844,True
2791,True
2764,True
2739,True
2512,True
2510,True
2497,True
2492,True
2440,True
2428,True
2262,True
2190,True
2158,True
2398,True
2390,True
2391,True
2351,True
2438,True
2881,True
2843,True
2811,True
2746,True
2702,True
2626,True
2520,True
2488,True
2463,True
2496,True
2456,True
2335,True
2299,True
2253,True
2180,True
2188,True
2133,True
2165,True
2047,True
2102,True
1879,True
1837,True
1862,True
1847,True
2118,True
2084,True
2174,True
2749,True
2699,True
2634,True
2723,True
2619,True
2618,True
2598,True
2555,True
2528,True
2496,True
2419,True
2304,True
2206,True
5685,False
5568,False
5288,False
5161,False
4927,False
4692,False
4459,False
4450,False
4038,False
4026,False
3854,False
3593,False
3156,False
3008,False
2979,False
2807,False
2548,False
2582,False
2526,False
3382,False
2959,False
2947,False
2649,False
2337,False
2361,False
2140,False
2341,False
2276,False
2065,False
2016,False
1906,False
2195,False
2407,False
2334,False
2334,False
5173,True
5152,True
5054,True
4729,True
4686,True
4504,True
4376,True
4299,True
4276,True
4194,True
4178,True
4168,True
4113,True
4077,True
4051,True
4031,True
4029,True
3950,True
3941,True
3894,True
3865,True
3861,True
3814,True
3799,True
3788,True
3756,True
3738,True
3483,True
3438,True
3329,True
3293,True
3278,True
3163,True
3106,True
2947,True
2866,True
2850,True
2751,True
2742,True
2635,True
2614,True
2523,True
2490,True
2462,True
2407,True
2392,True
2390,True
2344,True
2271,True
2254,True
2964,True
2934,True
2866,True
2844,True
2836,True
2832,True
2723,True
2690,True
2653,True
2502,True
2436,True
2425,True
2313,True
2304,True
2533,True
2485,True
2484,True
2360,True
2399,True
2351,True
2345,True
2342,True
2267,True
2234,True
2325,True
2295,True
2445,True
2704,True
2630,True
2587,True
2589,True
2548,True
2512,True
2456,True
2454,True
2413,True
2357,True
2265,True
2085,True
1945,True
2562,True
2217,True
2207,True
2148,True
2077,True
1988,True
5052,False
4734,False
4476,False
4172,False
4024,False
3966,False
3852,False
3421,False
3397,False
2880,False
2449,False
2021,False
2413,False
2330,False
2023,False
2013,False
2351,False
2191,False
2005,False
2103,False
2041,False
2334,False
2329,False
1952,False
1962,False
1713,False
1751,True
1882,True
2126,True
2342,True
2322,True
2299,True
2192,True
2116,True
2109,True
2095,True
2064,True
2064,True
2930,False
2849,False
2842,False
2689,False
2593,False
2506,False
2500,False
2513,False
1967,False
1822,False
1656,False
1978,False
1949,False
2173,False
2184,False
2093,False
2285,False
2298,False
2116,False
5230,True
5200,True
5150,True
5031,True
4893,True
4700,True
4534,True
4532,True
4501,True
4457,True
4433,True
4297,True
4296,True
4292,True
4288,True
4255,True
4158,True
4153,True
4151,True
4090,True
4086,True
4066,True
3695,True
3651,True
3623,True
3617,True
3589,True
3571,True
3510,True
3264,True
3256,True
3249,True
3213,True
3208,True
3198,True
3173,True
3147,True
3111,True
3005,True
2715,True
2624,True
2600,True
2618,True
2596,True
2460,True
2416,True
2403,True
2467,True
2468,True
2450,True
2447,True
2446,True
2440,True
2376,True
2383,True
2370,True
2282,True
2270,True
2271,True
2170,True
2785,True
2726,True
2583,True
2489,True
2820,True
2705,True
2685,True
2650,True
2940,True
2909,True
2893,True
2884,True
2879,True
2877,True
2851,True
2758,True
2729,True
2605,True
2673,True
2653,True
2595,True
2591,True
2538,True
2529,True
2431,True
2349,True
2305,True
2292,True
2137,True
2272,True
2302,True
2280,True
2770,True
2756,True
2733,True
2703,True
2560,True
2460,True
2439,True
2389,True
2393,True
2500,True
2453,True
2366,True
2360,True
2351,True
2345,True
2243,True
2247,True
2199,True
2168,True
5420,False
5065,False
4720,False
4676,False
4543,False
4341,False
4284,False
3865,False
2641,False
1853,False
2068,False
2053,False
2122,False
1771,False
2373,False
2217,False
2166,False
2113,False
2073,False
2021,False
2085,False
2081,False
5029,True
4895,True
4863,True
4684,True
4629,True
4522,True
4431,True
4396,True
4360,True
4356,True
4307,True
4254,True
4217,True
4202,True
4146,True
4130,True
4097,True
4005,True
3977,True
3958,True
3880,True
3815,True
3758,True
3725,True
3714,True
3677,True
3642,True
3493,True
3472,True
3401,True
3377,True
3273,True
3244,True
3221,True
3208,True
3156,True
3021,True
2901,True
2886,True
2846,True
2832,True
2742,True
2646,True
2619,True
2534,True
2692,True
2604,True
2594,True
2565,True
2431,True
2378,True
2363,True
2307,True
2248,True
2250,True
2999,True
2995,True
2895,True
2839,True
2799,True
2769,True
2735,True
2705,True
2688,True
2795,True
2758,True
2744,True
2755,True
3512,True
3361,True
3332,True
3292,True
3259,True
3214,True
3176,True
3171,True
3163,True
3098,True
3070,True
2690,True
2625,True
2598,True
2565,True
2551,True
2552,True
2554,True
2529,True
2500,True
2490,True
2471,True
2429,True
2315,True
2288,True
2201,True
2152,True
5244,False
5213,False
4579,False
4566,False
4417,False
4007,False
3972,False
3923,False
3514,False
3232,False
3159,False
3125,False
2294,False
2130,False
2033,False
1820,False
1447,False
1550,False
1908,False
1917,False
1881,False
2014,False
1835,False
1878,False
2046,False
2301,False
2224,False
2308,False
2135,False
2073,False
1809,True
1864,True
1758,True
2001,True
2578,False
2440,False
2377,False
2135,False
2488,False
2258,False
2230,False
2046,False
2114,False
2084,False
1734,False
2204,False
2286,False
1950,False
5737,True
5583,True
5477,True
5471,True
5405,True
5374,True
5281,True
5212,True
5205,True
5144,True
5053,True
5040,True
4988,True
4955,True
4890,True
4794,True
4780,True
4697,True
4497,True
4425,True
4336,True
4318,True
4316,True
4294,True
4277,True
4255,True
4236,True
4228,True
4062,True
3897,True
3800,True
3797,True
3782,True
3738,True
3687,True
3624,True
3610,True
3585,True
3568,True
3547,True
3520,True
3440,True
3396,True
3388,True
3350,True
3349,True
3337,True
3328,True
3323,True
3153,True
3119,True
2886,True
2867,True
2838,True
2776,True
2745,True
2738,True
2734,True
2679,True
3644,True
3618,True
3603,True
3557,True
3543,True
3477,True
3371,True
3222,True
3195,True
3189,True
3120,True
3104,True
3012,True
2981,True
3216,True
3201,True
3141,True
3051,True
3042,True
3005,True
2932,True
2928,True
2883,True
2858,True
2824,True
2713,True
3259,True
3244,True
3173,True
3120,True
3079,True
3068,True
3027,True
3020,True
2997,True
2948,True
2955,True
2904,True
2850,True
2842,True
2746,True
2687,True
2686,True
2669,True
2495,True
2447,True
2360,True
3256,True
3244,True
3136,True
3124,True
3045,True
2899,True
2891,True
2783,True
2773,True
2765,True
2737,True
2625,True
2603,True
2586,True
2582,True
2562,True
2478,True
2438,True
2403,True
2373,True
2322,True
2319,True
2248,True
2092,True
2034,True
2032,True
2065,True
5119,False
4339,False
4304,False
4247,False
4163,False
3865,False
3750,False
3588,False
3399,False
3216,False
2750,False
2666,False
2364,False
2212,False
2536,False
2513,False
2363,False
2217,False
2737,False
2697,False
2041,False
1936,False
2173,False
1897,False
1902,False
1525,False
2020,False
2077,False
4948,True
4934,True
4933,True
4768,True
4654,True
4552,True
4546,True
4508,True
4434,True
4369,True
4274,True
4215,True
4088,True
4051,True
4034,True
3996,True
3758,True
3750,True
3740,True
3718,True
3656,True
3516,True
3443,True
3354,True
3324,True
3296,True
3286,True
3257,True
3152,True
3135,True
3132,True
3068,True
2890,True
2870,True
2869,True
2796,True
2776,True
2655,True
2581,True
2582,True
3011,True
2995,True
2956,True
2941,True
2924,True
2926,True
2844,True
2702,True
2654,True
2550,True
2505,True
2457,True
2374,True
2773,True
2774,True
2721,True
2665,True
2628,True
2575,True
2549,True
2456,True
2457,True
2424,True
2325,True
2311,True
2541,True
2474,True
2446,True
2560,True
2480,True
2393,True
2369,True
2217,True
2147,True
3296,True
3236,True
3207,True
3117,True
3118,True
3088,True
2994,True
2861,True
2848,True
2846,True
2840,True
2823,True
2822,True
2780,True
2699,True
2690,True
2684,True
2697,True
2654,True
2449,True
5175,False
5004,False
4826,False
4607,False
4498,False
4377,False
4373,False
4239,False
4098,False
4073,False
2855,False
2418,False
3246,False
3004,False
2630,False
2621,False
2432,False
2253,False
2166,False
2112,False
2188,False
1797,False
1789,False
1721,False
1646,True
1900,True
1888,True
1933,True
1882,True
2820,False
2634,False
2249,False
1999,False
1923,False
2593,False
2538,False
2016,False
2002,False
1977,False
1841,False
1934,False
1681,False
1910,False
1896,False
1913,False
5669,True
5665,True
5534,True
5468,True
5344,True
5303,True
5284,True
5269,True
5216,True
5141,True
5126,True
5123,True
5083,True
4832,True
4830,True
4806,True
4791,True
4644,True
4571,True
4546,True
4449,True
4433,True
4418,True
4376,True
4286,True
4249,True
4126,True
4015,True
3975,True
3831,True
3772,True
3767,True
3750,True
3744,True
3649,True
3614,True
3608,True
3502,True
3444,True
3300,True
3186,True
3168,True
3069,True
3061,True
3052,True
2815,True
2796,True
2744,True
2588,True
2584,True
2576,True
2490,True
2456,True
2446,True
2334,True
2214,True
2197,True
2198,True
2219,True
2677,True
2541,True
2776,True
2757,True
2703,True
2656,True
2642,True
2578,True
2519,True
2474,True
2682,True
2651,True
2654,True
2633,True
2593,True
2445,True
2331,True
2260,True
2413,True
2381,True
2396,True
3117,True
3026,True
3021,True
2993,True
2978,True
2836,True
2706,True
2694,True
2534,True
2510,True
2420,True
2882,True
2870,True
2861,True
2799,True
2737,True
2746,True
2854,True
2838,True
2792,True
2647,True
2633,True
2578,True
2513,True
2494,True
2454,True
2379,True
5232,False
4806,False
4247,False
3794,False
3783,False
3599,False
3471,False
3336,False
3299,False
3633,False
3549,False
3368,False
3318,False
3125,False
2982,False
2121,False
1938,False
1937,False
2163,False
2444,False
2327,False
2123,False
5103,True
4921,True
4824,True
4815,True
4663,True
4652,True
4613,True
4573,True
4500,True
4450,True
4436,True
4342,True
4322,True
4312,True
4290,True
4197,True
4115,True
4111,True
3865,True
3821,True
3783,True
3759,True
3647,True
3639,True
3634,True
3599,True
3519,True
3494,True
3452,True
3404,True
3078,True
3066,True
3064,True
3059,True
2957,True
2882,True
2881,True
2877,True
2837,True
2835,True
2700,True
2711,True
2701,True
2699,True
2548,True
2538,True
2539,True
2530,True
2486,True
2467,True
2462,True
2324,True
2227,True
2226,True
2224,True
2141,True
2449,True
2422,True
2411,True
2402,True
2361,True
2192,True
2040,True
2041,True
2179,True
2167,True
2165,True
2145,True
2141,True
2230,True
2613,True
2588,True
2586,True
2573,True
2533,True
2456,True
2410,True
2410,True
2400,True
2929,True
2886,True
2866,True
2862,True
2819,True
2792,True
2792,True
2694,True
2663,True
2544,True
2499,True
2442,True
2499,True
3329,True
3294,True
3158,True
3064,True
2995,True
2964,True
2916,True
2775,True
2724,True
2663,True
2640,True
2590,True
2425,True
2401,True
2394,True
2354,True
2336,True
2184,True
5225,False
5024,False
4940,False
4925,False
4822,False
4480,False
4221,False
4154,False
3964,False
3856,False
3670,False
3651,False
3432,False
3220,False
3162,False
2921,False
2645,False
2381,False
2315,False
1880,False
2886,False
2634,False
2589,False
2094,False
2085,False
2312,False
1880,False
2172,False
1991,False
2036,False
2017,False
1915,False
1831,False
1839,False
1980,True
1922,True
2052,True
1968,True
1921,True
1809,True
2178,True
2870,False
2818,False
2732,False
1952,False
2428,False
1976,False
1820,False
2206,False
1999,False
2000,False
2384,False
5302,True
5261,True
5243,True
5229,True
5190,True
5165,True
5059,True
5052,True
4956,True
4874,True
4765,True
4695,True
4667,True
4625,True
4608,True
4496,True
4437,True
4398,True
4231,True
4087,True
4085,True
3953,True
3944,True
3907,True
3891,True
3768,True
3743,True
3674,True
3520,True
3502,True
3476,True
3377,True
3328,True
3304,True
3258,True
3236,True
3204,True
3164,True
3108,True
3096,True
3037,True
2954,True
2891,True
2818,True
2738,True
2701,True
2701,True
2697,True
2595,True
2595,True
2572,True
2565,True
2527,True
2505,True
2435,True
2354,True
2725,True
2708,True
2609,True
2564,True
2563,True
2532,True
2504,True
2497,True
2356,True
2322,True
2278,True
2280,True
2161,True
2154,True
2491,True
2487,True
2448,True
2403,True
2381,True
2218,True
2062,True
2057,True
2015,True
2017,True
2141,True
2361,True
2275,True
2261,True
2201,True
2476,True
2466,True
2495,True
2488,True
2477,True
2426,True
2351,True
2277,True
2229,True
2228,True
2022,True
2002,True
1941,True
1863,True
2665,True
2647,True
2406,True
2394,True
2235,True
2125,True
2128,True
2036,True
5540,False
5463,False
5315,False
5180,False
4520,False
4172,False
4154,False
3961,False
3833,False
3252,False
2992,False
2958,False
2628,False
2496,False
2493,False
2235,False
2235,False
2426,False
2307,False
2095,False
2112,False
1882,False
1856,False
1919,False
2057,False
2331,False
2320,False
2256,False
2228,False
2142,False
2061,False
1992,False
1992,False
2026,False
5023,True
4998,True
4983,True
4941,True
4873,True
4828,True
4823,True
4778,True
4706,True
4583,True
4515,True
4455,True
4298,True
4230,True
4150,True
4144,True
4064,True
4038,True
3947,True
3848,True
3738,True
3714,True
3713,True
3609,True
3593,True
3523,True
3351,True
3300,True
3241,True
3217,True
3167,True
3164,True
3101,True
2897,True
2898,True
2896,True
2875,True
3680,True
3673,True
3605,True
3593,True
3585,True
3579,True
3472,True
3440,True
3305,True
3285,True
3243,True
3089,True
3053,True
2952,True
2936,True
2921,True
2832,True
2817,True
2798,True
2685,True
2576,True
2577,True
2574,True
2523,True
2570,True
2528,True
2457,True
2405,True
2406,True
2312,True
2310,True
2311,True
2321,True
2246,True
2243,True
2191,True
3134,True
2905,True
2886,True
2875,True
2808,True
2805,True
3090,True
3071,True
2952,True
2929,True
2854,True
2849,True
2847,True
2832,True
2807,True
2803,True
2784,True
2778,True
2767,True
2732,True
2454,True
2274,True
2166,True
2123,True
2073,True
1983,True
1818,True
1738,True
1727,True
2034,True
2017,True
5126,False
4838,False
4671,False
4636,False
4429,False
4211,False
3529,False
3513,False
3422,False
2085,False
3194,False
2199,False
2086,False
2479,False
2225,False
2200,False
2200,False
2123,False
2236,False
2644,False
2638,False
2453,False
2188,False
1914,False
1806,False
1736,False
3084,True
2938,True
2936,True
2852,True
2851,True
2766,True
2745,True
2657,True
2593,True
2542,True
2540,True
2529,True
2229,True
2149,True
2039,True
3040,False
2981,False
2939,False
2819,False
2663,False
2464,False
2420,False
2328,False
2265,False
2489,False
2167,False
2154,False
1953,False
2114,False
2119,False
1976,False
2028,False
2308,False
2304,False
2039,False
2157,False
2263,False
2532,False
2487,False
2317,False
2309,False
4999,True
4963,True
4953,True
4831,True
4656,True
4635,True
4585,True
4492,True
4486,True
4351,True
4338,True
4328,True
4251,True
4220,True
4162,True
4131,True
4002,True
3953,True
3860,True
3859,True
3858,True
3780,True
3714,True
3712,True
3708,True
3686,True
3619,True
3588,True
3553,True
3518,True
3374,True
3340,True
3279,True
3100,True
3050,True
2992,True
2912,True
2909,True
2841,True
2765,True
2723,True
2707,True
2693,True
2667,True
2655,True
2633,True
2610,True
2592,True
2573,True
2569,True
2502,True
2459,True
2438,True
2418,True
2315,True
2315,True
2268,True
2359,True
2319,True
2262,True
2246,True
2509,True
2368,True
2325,True
2283,True
2661,True
2664,True
2652,True
2629,True
2622,True
2581,True
2376,True
2351,True
2344,True
2318,True
2311,True
2491,True
2788,True
3175,True
3078,True
3018,True
3055,True
3016,True
3002,True
3003,True
2990,True
2979,True
2693,True
2598,True
2492,True
2486,True
2470,True
2451,True
2418,True
2172,True
2181,True
2312,True
2498,True
2487,True
2484,True
2474,True
2450,True
2311,True
2419,True
2399,True
2384,True
2335,True
2323,True
2318,True
5369,False
5161,False
5088,False
5048,False
5027,False
4529,False
4329,False
3884,False
3845,False
2395,False
2350,False
2129,False
2046,False
1790,False
2559,False
2125,False
2130,False
2081,False
2156,False
5322,True
5217,True
5174,True
5148,True
5009,True
4977,True
4956,True
4949,True
4946,True
4917,True
4906,True
4740,True
4725,True
4712,True
4625,True
4562,True
4546,True
4367,True
4282,True
4266,True
4206,True
4155,True
3923,True
3896,True
3832,True
3826,True
3686,True
3630,True
3619,True
3551,True
3509,True
3480,True
3435,True
3321,True
3242,True
3235,True
3234,True
3170,True
3155,True
3073,True
3056,True
3029,True
3078,True
3035,True
3009,True
2946,True
2886,True
2888,True
2882,True
2718,True
2654,True
2632,True
2548,True
2456,True
2444,True
2433,True
2342,True
2344,True
2235,True
2200,True
2144,True
2607,True
3015,True
3010,True
2994,True
2878,True
2869,True
2841,True
2661,True
2643,True
2604,True
3857,True
3846,True
3841,True
3662,True
3600,True
3562,True
3536,True
3474,True
3432,True
3330,True
3326,True
3172,True
3170,True
3161,True
3100,True
3092,True
3091,True
3089,True
3089,True
3073,True
2998,True
2936,True
2863,True
2793,True
3173,True
3053,True
2903,True
2856,True
2759,True
2753,True
2753,True
2749,True
2711,True
2687,True
2600,True
2464,True
2458,True
2448,True
2409,True
4649,False
4224,False
4185,False
4150,False
3916,False
2209,False
2092,False
1808,False
2102,False
2076,False
2524,False
2510,False
2353,False
2287,False
2274,False
2218,False
2216,False
2181,False
2162,False
2153,False
2109,False
1825,False
2352,False
2304,False
2170,True
2170,True
2048,True
2887,True
2844,True
2832,True
2819,True
2784,True
2632,True
2620,True
2614,True
2512,True
2498,True
2477,True
2439,True
2414,True
2367,True
2248,True
2803,False
2694,False
2496,False
2188,False
2061,False
1754,False
1711,False
2431,False
2041,False
2009,False
1754,False
1973,False
2248,False
2202,False
2121,False
5185,True
5147,True
5044,True
5042,True
5041,True
5033,True
4973,True
4958,True
4946,True
4867,True
4828,True
4782,True
4665,True
4650,True
4599,True
4597,True
4592,True
4573,True
4556,True
4541,True
4540,True
4527,True
4506,True
4298,True
4297,True
4248,True
4236,True
4213,True
4210,True
4187,True
4157,True
4126,True
4090,True
4069,True
4029,True
3845,True
3779,True
3752,True
3665,True
3654,True
3637,True
3551,True
3541,True
3513,True
3504,True
3251,True
3238,True
3166,True
3137,True
2987,True
2938,True
2933,True
2898,True
2859,True
2810,True
2727,True
2692,True
2626,True
2326,True
2305,True
2266,True
2262,True
2383,True
2367,True
2626,True
2545,True
2464,True
2446,True
2423,True
2417,True
2355,True
2296,True
2517,True
2504,True
2303,True
2180,True
2183,True
2153,True
2193,True
2368,True
2351,True
2346,True
2317,True
2297,True
2740,True
2565,True
2496,True
2354,True
2833,True
2760,True
2599,True
2584,True
2356,True
2528,True
2524,True
2406,True
2373,True
2322,True
2556,True
2509,True
2446,True
2463,True
2401,True
2380,True
2323,True
2270,True
2207,True
2092,True
5792,False
5137,False
5047,False
4769,False
4685,False
4134,False
3786,False
3629,False
3615,False
3447,False
3399,False
3345,False
2794,False
2477,False
2474,False
2434,False
2118,False
2119,False
2112,False
1841,False
1660,False
1814,False
1876,False
1839,False
2258,False
2224,False
2259,False
1792,False
1931,False
1802,False
5006,True
4940,True
4876,True
4870,True
4785,True
4743,True
4645,True
4575,True
4504,True
4500,True
4485,True
4453,True
4389,True
4370,True
4330,True
4306,True
4258,True
4208,True
4200,True
4067,True
4014,True
4002,True
3984,True
3899,True
3826,True
3788,True
3737,True
3703,True
3692,True
3691,True
3653,True
3312,True
3273,True
3160,True
3115,True
3090,True
3051,True
3026,True
2985,True
2955,True
3186,True
3161,True
3122,True
3123,True
3107,True
3037,True
3032,True
3024,True
3003,True
3000,True
2937,True
2934,True
2913,True
2866,True
2800,True
2776,True
2764,True
2755,True
2735,True
2717,True
2639,True
2491,True
2749,True
2649,True
2566,True
2383,True
2371,True
2515,True
2488,True
2490,True
2444,True
2433,True
2356,True
2280,True
2219,True
2194,True
2478,True
2360,True
2359,True
2293,True
2277,True
2275,True
2586,True
2585,True
2545,True
2399,True
2383,True
2620,True
2619,True
2619,True
2551,True
2446,True
2410,True
2382,True
2507,True
2503,True
2502,True
2458,True
2430,True
2409,True
2386,True
2427,True
2428,True
2257,True
2827,True
2794,True
2716,True
2708,True
2701,True
2634,True
2581,True
2451,True
4938,False
4414,False
4176,False
3626,False
3226,False
3115,False
2954,False
2852,False
2728,False
2616,False
2484,False
2414,False
2387,False
2216,False
1891,False
2040,False
1689,False
2079,False
1939,False
1978,False
1864,False
1849,False
1965,False
1643,False
1830,False
1795,False
1751,False
1808,True
2154,True
2796,True
2789,True
2711,True
2601,True
2508,True
2457,True
2416,True
2419,True
2412,True
2347,True
2304,True
2276,True
2205,True
2192,True
2230,True
3037,False
2702,False
2561,False
2221,False
2149,False
2596,False
2420,False
1994,False
2526,False
2432,False
2649,False
2581,False
5193,True
5165,True
5159,True
5098,True
4992,True
4985,True
4828,True
4722,True
4703,True
4619,True
4552,True
4482,True
4451,True
4434,True
4422,True
4376,True
4300,True
4283,True
4211,True
4100,True
3984,True
3811,True
3657,True
3590,True
3588,True
3570,True
3433,True
3425,True
3420,True
3396,True
3333,True
2947,True
2884,True
2847,True
3650,True
3579,True
3574,True
3378,True
3290,True
3285,True
3235,True
3105,True
3072,True
3072,True
3047,True
2982,True
2982,True
2894,True
2880,True
2869,True
2854,True
2841,True
2790,True
2629,True
2515,True
2514,True
2849,True
2813,True
2809,True
2795,True
2704,True
2661,True
2651,True
2649,True
2480,True
2483,True
2458,True
2404,True
2360,True
2340,True
2318,True
2307,True
3466,True
3447,True
3434,True
3425,True
3413,True
3407,True
3383,True
3272,True
3190,True
3172,True
3157,True
3158,True
3151,True
3051,True
2978,True
2938,True
2925,True
2783,True
2739,True
2703,True
2453,True
2432,True
2396,True
2678,True
2650,True
2600,True
2443,True
2430,True
2351,True
2343,True
2311,True
2313,True
2235,True
2121,True
5305,False
4884,False
4639,False
4121,False
3965,False
3711,False
3641,False
3366,False
3175,False
3044,False
3042,False
2939,False
2487,False
2764,False
2911,False
2753,False
2223,False
1812,False
1989,False
2650,False
2653,False
2620,False
2502,False
2235,False
5038,True
4984,True
4972,True
4872,True
4865,True
4821,True
4798,True
4612,True
4573,True
4548,True
4476,True
4459,True
4434,True
4366,True
4261,True
4218,True
4170,True
4152,True
4137,True
4111,True
4035,True
3996,True
3969,True
3845,True
3784,True
3743,True
3756,True
3684,True
3675,True
3676,True
3574,True
3573,True
3491,True
3344,True
3292,True
3281,True
3253,True
3248,True
3237,True
3209,True
3145,True
3101,True
3095,True
3078,True
2948,True
2912,True
2845,True
2838,True
2788,True
2605,True
2467,True
2435,True
2427,True
2423,True
2421,True
2346,True
2470,True
3052,True
3037,True
2996,True
2899,True
2882,True
2730,True
2698,True
2830,True
2698,True
2592,True
2586,True
2577,True
2530,True
2514,True
2502,True
2428,True
2350,True
2199,True
2294,True
2177,True
2189,True
2875,True
2793,True
2707,True
2709,True
2980,True
2958,True
2925,True
2877,True
2844,True
2821,True
2733,True
2714,True
2687,True
2629,True
2614,True
2462,True
2445,True
2330,True
4776,False
4431,False
4358,False
4153,False
3836,False
3535,False
3337,False
3230,False
2944,False
2886,False
2456,False
2038,False
2342,False
2039,False
1798,False
2564,False
2379,False
2386,False
2114,False
2012,False
1830,False
1724,False
1638,False
2410,False
2345,False
2268,False
2007,False
2552,True
2538,True
2470,True
2460,True
2445,True
2418,True
2420,True
2423,True
2413,True
2393,True
2299,True
2267,True
2214,True
2200,True
2192,True
2189,True
2847,False
2385,False
2072,False
1691,False
2245,False
1780,False
2003,False
1748,False
2050,False
2098,False
2109,False
2264,False
2229,False
5335,True
5324,True
5255,True
5066,True
4989,True
4965,True
4768,True
4747,True
4682,True
4575,True
4527,True
4309,True
4276,True
4184,True
4168,True
4148,True
4051,True
3990,True
3960,True
3764,True
3682,True
3564,True
3555,True
3544,True
3441,True
3393,True
3359,True
3335,True
3316,True
3251,True
3239,True
3223,True
3183,True
3182,True
3165,True
3141,True
2923,True
2909,True
2828,True
2819,True
2717,True
2716,True
2694,True
2608,True
2568,True
2524,True
2320,True
2321,True
2380,True
2105,True
2475,True
2448,True
2384,True
2312,True
2266,True
2202,True
2198,True
2116,True
2377,True
2367,True
2282,True
2257,True
2264,True
2255,True
2143,True
2135,True
2135,True
2341,True
2439,True
3104,True
3085,True
3020,True
3002,True
2946,True
2879,True
2866,True
2790,True
2791,True
2714,True
2728,True
2588,True
2584,True
2571,True
2531,True
2465,True
2698,True
2693,True
2654,True
2566,True
2568,True
2542,True
2439,True
2398,True
2354,True
2180,True
2258,True
2262,True
2147,True
4845,False
4692,False
4609,False
4331,False
4241,False
4191,False
4111,False
3160,False
3110,False
2991,False
2939,False
2924,False
2826,False
2602,False
2418,False
2013,False
2087,False
2147,False
2194,False
2180,False
1987,False
1984,False
1889,False
1869,False
1907,False
1948,False
5153,True
5102,True
5099,True
4960,True
4951,True
4913,True
4852,True
4815,True
4698,True
4685,True
4661,True
4566,True
4505,True
4493,True
4438,True
4435,True
4357,True
4107,True
4086,True
4078,True
4052,True
3900,True
3865,True
3821,True
3590,True
3570,True
3548,True
3546,True
3512,True
3471,True
3389,True
3245,True
3174,True
3003,True
2992,True
2985,True
2975,True
2930,True
2878,True
2849,True
2818,True
2693,True
2764,True
2694,True
2658,True
2749,True
2749,True
2744,True
2698,True
2658,True
2486,True
2478,True
2859,True
2758,True
2668,True
2490,True
2489,True
2394,True
2370,True
2326,True
2364,True
2335,True
2274,True
2470,True
2448,True
2412,True
2386,True
2364,True
2334,True
2333,True
2330,True
2303,True
2227,True
2155,True
2346,True
2277,True
2193,True
2165,True
2163,True
2163,True
2211,True
2184,True
2171,True
2160,True
2070,True
2016,True
2106,True
2024,True
2014,True
2068,True
2047,True
2639,True
2579,True
2569,True
2463,True
2403,True
2387,True
2378,True
2341,True
2601,True
2535,True
2533,True
2678,True
2460,True
2412,True
2414,True
2416,True
4769,False
4145,False
4119,False
4027,False
3729,False
3426,False
3406,False
2582,False
2767,False
2751,False
2712,False
2623,False
2536,False
2126,False
2291,False
2725,False
2656,False
2472,False
2400,False
2415,False
2262,False
2191,False
2240,False
2182,True
2147,True
2120,True
2087,True
2057,True
2206,True
2351,True
2472,True
2430,True
2402,True
2366,True
2271,True
2249,True
2270,True
2204,True
2122,True
2823,False
2801,False
2730,False
2519,False
2374,False
2099,False
2069,False
1515,False
2108,False
2559,False
2536,False
2206,False
2522,False
2305,False
5018,True
4965,True
4922,True
4919,True
4910,True
4900,True
4791,True
4665,True
4655,True
4646,True
4612,True
4580,True
4554,True
4521,True
4449,True
4278,True
4266,True
4259,True
4231,True
4097,True
4065,True
4044,True
3971,True
3904,True
3868,True
3828,True
3767,True
3633,True
3576,True
3408,True
3383,True
3310,True
3269,True
3257,True
3233,True
3193,True
3136,True
3120,True
3098,True
3080,True
3234,True
3081,True
3009,True
2985,True
2893,True
2745,True
2688,True
2547,True
2494,True
2420,True
2325,True
2655,True
2590,True
2572,True
2388,True
2352,True
2202,True
2168,True
1982,True
2092,True
1991,True
2160,True
2157,True
2398,True
2352,True
2233,True
2125,True
1963,True
1969,True
1950,True
2232,True
2214,True
2045,True
2035,True
2009,True
2034,True
1969,True
1945,True
2108,True
1941,True
1790,True
1765,True
1826,True
1742,True
1787,True
1785,True
2673,True
2603,True
2481,True
2424,True
2371,True
2370,True
2375,True
2350,True
2337,True
2315,True
2294,True
2286,True
2348,True
2264,True
2151,True
2125,True
5001,False
4950,False
4904,False
4704,False
4522,False
4421,False
4040,False
3896,False
3438,False
3338,False
3157,False
3093,False
2902,False
2817,False
2744,False
2616,False
2600,False
2370,False
2202,False
2060,False
1627,False
2223,False
1967,False
2205,False
1938,False
2046,False
2043,False
2494,False
2213,False
2017,False
1991,False
2021,False
2060,False
1854,False
2181,False
2179,False
5127,True
5063,True
5062,True
4986,True
4929,True
4917,True
4904,True
4881,True
4799,True
4684,True
4654,True
4592,True
4544,True
4457,True
4310,True
4278,True
4091,True
4043,True
3968,True
3891,True
3811,True
3784,True
3701,True
3652,True
3633,True
3605,True
3588,True
3557,True
3555,True
3531,True
3522,True
3517,True
3426,True
3418,True
3360,True
3338,True
3235,True
3117,True
3115,True
2939,True
2840,True
2815,True
2669,True
2519,True
2502,True
2469,True
2457,True
3234,True
3155,True
3140,True
3068,True
2957,True
2936,True
2912,True
2895,True
2845,True
2792,True
2779,True
2749,True
2678,True
2662,True
2503,True
2499,True
2453,True
2442,True
2423,True
2322,True
2211,True
2169,True
2042,True
2015,True
2234,True
2211,True
2155,True
2436,True
2393,True
2350,True
2334,True
2740,True
2343,True
2510,True
2468,True
2419,True
2418,True
3021,True
2988,True
2803,True
2800,True
2782,True
2772,True
2753,True
2699,True
2567,True
2559,True
2548,True
2463,True
2457,True
2446,True
2306,True
5191,False
4665,False
4639,False
4150,False
4031,False
3134,False
2944,False
2696,False
2623,False
2575,False
2129,False
2123,False
1899,False
1817,False
1930,False
1927,False
2129,False
2670,False
2314,False
2044,True
2715,True
2712,True
2704,True
2653,True
2550,True
2488,True
2486,True
2482,True
2459,True
2387,True
2308,True
2826,False
2728,False
2430,False
2210,False
1979,False
2300,False
2268,False
2114,False
1712,False
1673,False
1672,False
1994,False
1992,False
1997,False
2319,False
2277,False
5387,True
5314,True
5296,True
5187,True
5081,True
5064,True
4992,True
4921,True
4905,True
4876,True
4865,True
4806,True
4728,True
4661,True
4618,True
4617,True
4485,True
4394,True
4383,True
4332,True
4330,True
4296,True
4245,True
4184,True
3991,True
3985,True
3853,True
3836,True
3800,True
3779,True
3745,True
3744,True
3658,True
3635,True
3631,True
3546,True
3306,True
3187,True
3183,True
3144,True
3098,True
3088,True
3081,True
3047,True
2989,True
2930,True
2880,True
2867,True
2812,True
2738,True
2611,True
2455,True
2377,True
2661,True
2609,True
2421,True
2405,True
2294,True
2337,True
2228,True
2221,True
2226,True
2221,True
2358,True
2322,True
2895,True
2863,True
2737,True
2732,True
2678,True
2545,True
2513,True
2416,True
2354,True
2264,True
2341,True
2338,True
2327,True
2322,True
2270,True
2597,True
2522,True
2515,True
2443,True
2367,True
2303,True
2289,True
2269,True
2593,True
2593,True
2951,True
2791,True
2683,True
2608,True
2561,True
2503,True
2684,True
2608,True
2599,True
2298,True
2376,True
2373,True
2526,True
2530,True
2446,True
2418,True
2407,True
2216,True
2268,True
2220,True
5777,False
5676,False
5278,False
5267,False
5224,False
5086,False
4985,False
4641,False
4487,False
4459,False
4446,False
3626,False
3533,False
3485,False
3251,False
2913,False
2631,False
2551,False
2338,False
2260,False
2657,False
2478,False
1850,False
1841,False
2398,False
2188,False
2287,False
2108,False
1804,False
5220,True
5171,True
5163,True
5145,True
5094,True
5026,True
5022,True
4950,True
4937,True
4807,True
4727,True
4655,True
4616,True
4446,True
4305,True
4287,True
4241,True
4227,True
4185,True
4184,True
4167,True
4154,True
4151,True
4121,True
4103,True
3971,True
3904,True
3861,True
3823,True
3778,True
3750,True
3739,True
3686,True
3653,True
3526,True
3500,True
3488,True
3481,True
3444,True
3354,True
3340,True
3323,True
3307,True
3193,True
3093,True
3074,True
2929,True
2885,True
2814,True
2787,True
2786,True
2740,True
2669,True
2609,True
2478,True
2407,True
2606,True
2515,True
2502,True
2465,True
2460,True
2845,True
2844,True
2818,True
2758,True
2637,True
2598,True
2523,True
2518,True
2422,True
2658,True
2627,True
2621,True
2570,True
2571,True
2537,True
2499,True
2565,True
2446,True
2447,True
2416,True
2403,True
2559,True
2641,True
2478,True
2391,True
2373,True
2333,True
2318,True
2221,True
2088,True
2019,True
2014,True
1945,True
2481,True
2392,True
2366,True
2320,True
2289,True
2282,True
2559,True
2500,True
2498,True
2508,True
2399,True
2296,True
2340,True
2194,True
2180,True
4922,False
4870,False
4118,False
3716,False
3478,False
3162,False
3041,False
2902,False
2786,False
2732,False
2617,False
2327,False
2308,False
2104,False
3399,False
3162,False
3127,False
2748,False
2349,False
2394,False
2336,False
2178,False
1841,False
1940,True
2603,True
2583,True
2466,True
2441,True
2446,True
2447,True
2426,True
2409,True
2280,True
2266,True
2211,True
2200,True
2151,True
2157,True
2433,True
2430,True
2392,True
2311,True
2299,True
2288,True
2279,True
2275,True
2215,True
2177,True
3215,False
3177,False
3040,False
2773,False
2371,False
2237,False
2528,False
3037,False
2916,False
2891,False
2357,False
1967,False
2039,False
1927,False
2241,False
2169,False
5164,True
5150,True
5149,True
5141,True
5049,True
5043,True
5029,True
4998,True
4985,True
4840,True
4819,True
4808,True
4673,True
4521,True
4487,True
4424,True
4406,True
4211,True
4149,True
4091,True
4049,True
3983,True
3861,True
3808,True
3694,True
3623,True
3618,True
3551,True
3460,True
3368,True
3302,True
3253,True
3209,True
3131,True
3083,True
3077,True
3033,True
2975,True
2924,True
2869,True
2803,True
2727,True
2713,True
2711,True
2698,True
2692,True
2602,True
2469,True
2492,True
2470,True
2462,True
2324,True
2263,True
2524,True
2418,True
2404,True
2363,True
2347,True
2319,True
2279,True
2167,True
2144,True
2088,True
2041,True
1994,True
1839,True
2014,True
2494,True
2495,True
2446,True
2416,True
2418,True
2368,True
2341,True
2342,True
2323,True
2319,True
2430,True
2421,True
2364,True
2246,True
2233,True
2553,True
2463,True
2476,True
2469,True
2438,True
2134,True
2065,True
2380,True
2374,True
2707,True
2649,True
2837,True
2704,True
2701,True
2650,True
2530,True
2502,True
2436,True
2317,True
2289,True
2277,True
2159,True
2119,True
5138,False
4583,False
4511,False
4382,False
4247,False
4200,False
4041,False
3956,False
3890,False
3782,False
3675,False
3650,False
3620,False
3571,False
3197,False
2874,False
2487,False
2436,False
2610,False
2573,False
2087,False
1980,False
2377,False
2435,False
2201,False
2156,False
2070,False
1976,False
1614,False
5117,True
5102,True
5066,True
5065,True
5064,True
5055,True
5047,True
4977,True
4965,True
4964,True
4956,True
4871,True
4867,True
4733,True
4710,True
4495,True
4419,True
4398,True
4352,True
4252,True
4209,True
4143,True
4091,True
4086,True
4056,True
4027,True
3840,True
3702,True
3661,True
3657,True
3575,True
3525,True
3524,True
3459,True
2653,True
2570,True
2564,True
3052,True
2852,True
2654,True
2571,True
2565,True
2491,True
2344,True
2492,True
2345,True
2291,True
2326,True
2292,True
2293,True
2246,True
2248,True
2249,True
2104,True
2105,True
2757,True
2623,True
2541,True
2457,True
2404,True
2402,True
2392,True
2377,True
2368,True
2365,True
2280,True
2146,True
2127,True
1990,True
2071,True
2116,True
2071,True
1933,True
2034,True
2474,True
2434,True
2433,True
2373,True
2354,True
2332,True
2322,True
2407,True
2400,True
2334,True
2299,True
2533,True
2527,True
2519,True
2522,True
2511,True
2291,True
2284,True
2227,True
2211,True
2375,True
2354,True
2325,True
2260,True
2147,True
2121,True
2057,True
2014,True
5534,False
5531,False
5178,False
5155,False
4727,False
4086,False
3939,False
3763,False
3756,False
3693,False
3394,False
3223,False
2804,False
2666,False
2357,False
1986,False
2073,False
2016,False
2283,False
1852,False
1905,False
2082,False
1919,True
1899,True
2374,True
2597,True
2580,True
2560,True
2560,True
2500,True
2296,True
2890,False
2619,False
2563,False
2515,False
3036,False
2991,False
2679,False
2464,False
2301,False
2230,False
1845,False
2059,False
2016,False
2261,False
2093,False
2152,False
1989,False
5488,True
5480,True
5445,True
5316,True
5283,True
5268,True
5226,True
5036,True
4987,True
4888,True
4856,True
4749,True
4487,True
4468,True
4340,True
4311,True
4222,True
4210,True
4188,True
4182,True
3986,True
3975,True
3953,True
3949,True
3890,True
3873,True
3833,True
3814,True
3772,True
3673,True
3635,True
3438,True
3314,True
3302,True
3234,True
3140,True
3111,True
3101,True
3081,True
2985,True
2911,True
2891,True
2857,True
2585,True
2573,True
2494,True
2456,True
2949,True
2915,True
2771,True
2760,True
2739,True
2429,True
2383,True
2374,True
2770,True
2679,True
3110,True
3100,True
3092,True
3012,True
2996,True
2960,True
2919,True
2910,True
2837,True
2789,True
2710,True
2641,True
2596,True
2596,True
2552,True
2537,True
2528,True
3080,True
3029,True
2996,True
2965,True
2905,True
2906,True
2884,True
2780,True
2752,True
2723,True
2708,True
2698,True
2698,True
2678,True
2630,True
2595,True
2571,True
2532,True
2467,True
2345,True
2318,True
2297,True
2274,True
2248,True
2196,True
2273,True
2193,True
2239,True
2049,True
2028,True
1987,True
5556,False
5253,False
5097,False
5092,False
5040,False
4945,False
4944,False
4646,False
4260,False
3832,False
2489,False
2318,False
2004,False
1927,False
2856,False
2811,False
2696,False
2344,False
2182,False
2109,False
2096,False
2096,False
2014,False
2361,False
2284,False
1896,False
5128,True
5079,True
5062,True
5046,True
5025,True
5019,True
5007,True
4959,True
4943,True
4922,True
4888,True
4873,True
4776,True
4693,True
4685,True
4658,True
4618,True
4384,True
4331,True
4321,True
4288,True
4284,True
4281,True
4276,True
4185,True
3924,True
3816,True
3805,True
3792,True
3703,True
3695,True
3692,True
3620,True
3509,True
3390,True
3216,True
3174,True
3156,True
3113,True
3052,True
3029,True
3013,True
2782,True
2738,True
2620,True
2609,True
2380,True
2389,True
2381,True
2567,True
2568,True
2495,True
2453,True
2441,True
2355,True
2322,True
2323,True
2287,True
2277,True
2210,True
2130,True
2366,True
2304,True
2266,True
2210,True
2175,True
2574,True
2507,True
2736,True
2593,True
2532,True
2385,True
2449,True
2428,True
2885,True
2789,True
2767,True
2715,True
2687,True
2529,True
2449,True
2386,True
2725,True
2621,True
2541,True
2425,True
2411,True
2385,True
2372,True
2329,True
2300,True
2396,True
2615,True
2581,True
2584,True
2571,True
2567,True
2496,True
2491,True
2466,True
2470,True
2445,True
2473,True
2453,True
2399,True
2402,True
2275,True
2273,True
2078,True
5348,False
5002,False
4615,False
4149,False
3703,False
3514,False
3381,False
3221,False
3213,False
3187,False
3169,False
3018,False
2908,False
2867,False
2819,False
2653,False
2374,False
2350,False
2680,False
1635,False
2136,False
1907,False
1878,False
2410,False
2395,False
2321,False
2004,False
1728,False
1559,False
2070,True
2055,True
2013,True
2328,True
2249,True
2149,True
2640,True
2469,True
2468,True
2469,True
2447,True
2423,True
2384,True
2257,True
2205,True
2213,True
2173,True
3053,False
3041,False
2649,False
2492,False
2313,False
2393,False
2247,False
2184,False
1833,False
2289,False
2250,False
2225,False
2226,False
2199,False
1997,False
2608,False
2554,False
2712,False
2668,False
2591,False
2505,False
5139,True
5079,True
4844,True
4799,True
4778,True
4657,True
4567,True
4560,True
4505,True
4456,True
4433,True
4429,True
4418,True
4379,True
4339,True
4252,True
4238,True
4199,True
4100,True
4058,True
4051,True
4027,True
3998,True
3981,True
3931,True
3824,True
3819,True
3747,True
3724,True
3713,True
3695,True
3675,True
3640,True
3589,True
3486,True
3476,True
3461,True
3424,True
3384,True
3373,True
3343,True
3287,True
3216,True
3214,True
3079,True
2955,True
2908,True
2826,True
2818,True
2809,True
2694,True
2652,True
2646,True
2625,True
2575,True
2564,True
2307,True
2717,True
2710,True
2657,True
2647,True
2606,True
2469,True
2430,True
2356,True
2538,True
2524,True
2525,True
2482,True
2439,True
2744,True
2746,True
2680,True
2650,True
2633,True
2631,True
2578,True
2529,True
2507,True
2497,True
2509,True
2505,True
2461,True
2462,True
2587,True
2576,True
2572,True
2550,True
2521,True
3286,True
3223,True
3040,True
2972,True
2937,True
2804,True
2801,True
2798,True
2776,True
2317,True
2216,True
2464,True
2413,True
2416,True
2315,True
2257,True
2260,True
2233,True
2288,True
2285,True
2259,True
2234,True
2175,True
2166,True
2109,True
2056,True
2056,True
2041,True
2058,True
2102,True
2104,True
2050,True
5436,False
4980,False
4792,False
4761,False
4513,False
4460,False
3848,False
3784,False
3769,False
2592,False
2464,False
2438,False
2428,False
2284,False
2227,False
1920,False
1814,False
1891,False
1948,False
2953,False
2933,False
2843,False
2822,False
2676,False
2498,False
2494,False
5018,True
4979,True
4939,True
4894,True
4891,True
4819,True
4777,True
4740,True
4516,True
4477,True
4362,True
4344,True
4294,True
4080,True
4027,True
3896,True
3892,True
3684,True
3648,True
3597,True
3567,True
3538,True
3529,True
3499,True
3492,True
3455,True
3407,True
3304,True
3265,True
3230,True
3008,True
2802,True
2760,True
2668,True
2640,True
2613,True
2587,True
2585,True
2545,True
2904,True
2832,True
2805,True
2800,True
3267,True
3242,True
3127,True
3114,True
3033,True
3025,True
3006,True
2964,True
2926,True
2797,True
2782,True
2753,True
2706,True
2695,True
2655,True
2551,True
2412,True
2387,True
2358,True
2349,True
2350,True
2340,True
2263,True
2343,True
2338,True
2251,True
2244,True
2223,True
2217,True
2179,True
2350,True
2301,True
2245,True
2386,True
2362,True
2770,True
2688,True
2736,True
3659,True
3635,True
3615,True
3497,True
3401,True
3091,True
3078,True
2762,True
2662,True
2608,True
2604,True
2602,True
2582,True
6388,False
6013,False
5376,False
5187,False
5010,False
4101,False
3656,False
3609,False
3381,False
3372,False
3225,False
2873,False
2789,False
2537,False
2212,False
1954,False
1907,False
1842,False
1906,False
2067,False
2438,False
2317,True
2284,True
2342,True
2539,True
2455,True
2386,True
2347,True
2332,True
2233,True
2206,True
2084,True
2151,True
2993,False
2917,False
2816,False
2542,False
1978,False
2482,False
2216,False
2033,False
2493,False
2342,False
1892,False
2451,False
2123,False
1904,False
1863,False
1746,False
5387,True
5334,True
5285,True
5261,True
5128,True
5081,True
4957,True
4941,True
4917,True
4878,True
4712,True
4599,True
4499,True
4433,True
4359,True
4346,True
4328,True
4327,True
4321,True
4300,True
4185,True
4108,True
4077,True
3988,True
3946,True
3904,True
3835,True
3748,True
3720,True
3565,True
3554,True
3545,True
3509,True
3489,True
3385,True
3261,True
3194,True
2786,True
2972,True
2787,True
2626,True
2842,True
2788,True
2663,True
2627,True
2628,True
2572,True
2417,True
2408,True
2354,True
2323,True
2316,True
2252,True
2252,True
2187,True
2115,True
2062,True
2045,True
2033,True
2492,True
2480,True
2482,True
2392,True
2384,True
2324,True
2267,True
2801,True
2717,True
2688,True
2613,True
2540,True
2519,True
2482,True
2471,True
2472,True
2339,True
2334,True
2318,True
2300,True
2295,True
2281,True
2231,True
2186,True
2184,True
2143,True
2114,True
2305,True
2300,True
2128,True
2114,True
2071,True
4724,False
4533,False
4496,False
3464,False
3366,False
2866,False
2443,False
2444,False
2445,False
3325,False
3243,False
2602,False
2222,False
2148,False
1881,False
2366,False
2321,False
2140,False
2063,False
2691,False
2611,False
2582,False
2165,False
2120,False
2032,False
6388,True
6003,True
5970,True
5761,True
5747,True
5699,True
5683,True
5670,True
5513,True
5439,True
5422,True
5319,True
5240,True
5201,True
5143,True
4962,True
4863,True
4811,True
4768,True
4750,True
4718,True
4710,True
4697,True
4683,True
4669,True
4499,True
4492,True
4451,True
4389,True
4361,True
4225,True
4097,True
4093,True
3822,True
3800,True
3439,True
3429,True
3421,True
3355,True
3333,True
3320,True
3266,True
3165,True
3133,True
3083,True
2913,True
2854,True
2718,True
2715,True
2685,True
2664,True
2632,True
2534,True
2510,True
2458,True
2409,True
2405,True
2451,True
2439,True
2307,True
2301,True
2588,True
2539,True
2530,True
2476,True
2476,True
2439,True
2439,True
2352,True
2127,True
2109,True
2101,True
2307,True
2299,True
3129,True
3118,True
2901,True
2809,True
2778,True
2780,True
2744,True
2646,True
2598,True
2559,True
2519,True
2498,True
2479,True
2391,True
2240,True
2218,True
2776,True
2755,True
2746,True
2733,True
2730,True
2720,True
2694,True
2654,True
2651,True
2610,True
2534,True
2510,True
2488,True
2480,True
2451,True
2426,True
2429,True
2405,True
2383,True
2585,True
2829,True
2812,True
2799,True
5055,False
4640,False
4609,False
3973,False
3901,False
3752,False
3548,False
3507,False
2802,False
2218,False
2080,False
2757,False
2498,False
2303,False
2305,False
2262,False
2192,False
2083,False
1958,False
2094,False
2323,False
2232,False
2099,False
1624,True
1863,True
2091,True
2059,True
2217,True
2163,True
2858,False
2748,False
2665,False
2630,False
2097,False
2074,False
2042,False
2625,False
2570,False
2493,False
2236,False
5226,True
5132,True
5117,True
5095,True
5045,True
5030,True
5020,True
4970,True
4954,True
4936,True
4928,True
4872,True
4852,True
4801,True
4796,True
4642,True
4631,True
4422,True
4347,True
4304,True
4242,True
4231,True
4215,True
4161,True
3966,True
3896,True
3873,True
3861,True
3823,True
3725,True
3664,True
3555,True
3478,True
3457,True
3448,True
3212,True
3166,True
3107,True
3001,True
2965,True
4167,True
4131,True
4116,True
4110,True
4088,True
4025,True
3989,True
3926,True
3904,True
3899,True
3892,True
3644,True
3641,True
3632,True
3544,True
3349,True
3283,True
3209,True
3081,True
3066,True
3034,True
2927,True
2880,True
2623,True
2573,True
2505,True
2324,True
2274,True
2270,True
2211,True
2179,True
2177,True
2150,True
2098,True
2587,True
2543,True
2523,True
2377,True
2358,True
2332,True
2215,True
2184,True
2857,True
2813,True
2791,True
2765,True
2664,True
2591,True
2530,True
2478,True
2476,True
2477,True
2537,True
2514,True
2485,True
2393,True
2335,True
2323,True
2321,True
2203,True
2529,True
2428,True
2430,True
2383,True
6121,False
5501,False
5417,False
5174,False
5155,False
4618,False
4445,False
3910,False
3612,False
3590,False
3403,False
2655,False
2347,False
2315,False
2244,False
2196,False
2155,False
1994,False
2081,False
2296,False
2239,False
2187,False
2210,False
2053,False
2109,False
2077,False
2007,False
1990,False
1890,False
1861,False
1779,False
1477,False
2326,False
2384,False
2326,False
2041,False
2001,False
5390,True
5327,True
5320,True
5289,True
5276,True
5128,True
4994,True
4917,True
4910,True
4873,True
4804,True
4794,True
4775,True
4701,True
4690,True
4674,True
4602,True
4571,True
4564,True
4489,True
4443,True
4434,True
4349,True
4269,True
4227,True
4180,True
4116,True
4045,True
3980,True
3720,True
3678,True
3432,True
3364,True
3331,True
3298,True
3291,True
3220,True
3151,True
3150,True
3123,True
3107,True
3009,True
2993,True
2910,True
2823,True
2811,True
2775,True
2701,True
2701,True
2674,True
2625,True
2428,True
3315,True
3294,True
3246,True
3234,True
3131,True
2952,True
2910,True
2903,True
2824,True
2810,True
2808,True
2674,True
2651,True
2608,True
2607,True
2572,True
2488,True
2401,True
2182,True
2162,True
2624,True
2620,True
2593,True
2546,True
2529,True
2418,True
3120,True
3047,True
3044,True
2996,True
2981,True
2906,True
2905,True
2846,True
2771,True
2654,True
2591,True
2457,True
2647,True
2543,True
2788,True
2783,True
2656,True
2577,True
2564,True
2558,True
2530,True
2435,True
2461,True
2452,True
2419,True
2381,True
2356,True
2334,True
2291,True
2288,True
2263,True
2260,True
2234,True
2081,True
4926,False
4866,False
4852,False
4719,False
4674,False
4383,False
3177,False
2734,False
2699,False
2650,False
2610,False
2361,False
2009,False
1858,False
2114,False
2812,False
2550,False
2810,False
2649,False
1854,False
2260,True
2241,True
2255,True
2915,True
2861,True
2654,True
2786,True
2772,True
2768,True
2688,True
2679,True
2500,True
2423,True
2868,False
2536,False
2487,False
2431,False
2550,False
2502,False
2319,False
2173,False
2632,False
2540,False
2550,False
2357,False
2471,False
2356,False
2351,False
2127,False
5423,True
5406,True
5387,True
5380,True
5379,True
5366,True
5347,True
5337,True
5313,True
5302,True
5288,True
5210,True
5167,True
5164,True
5155,True
5149,True
5035,True
5023,True
4982,True
4897,True
4805,True
4751,True
4709,True
4618,True
4612,True
4597,True
4417,True
4302,True
4266,True
4160,True
4141,True
4062,True
4061,True
4058,True
4036,True
3998,True
3872,True
3818,True
3698,True
3586,True
3520,True
3489,True
3448,True
3298,True
3118,True
3105,True
3090,True
2946,True
2869,True
2863,True
2860,True
2646,True
2549,True
2426,True
2645,True
2595,True
2558,True
2537,True
2482,True
2436,True
2391,True
2384,True
2388,True
2313,True
2314,True
2246,True
2215,True
3005,True
2981,True
2956,True
2887,True
2863,True
2857,True
2800,True
2694,True
2693,True
2672,True
2665,True
2616,True
2606,True
3036,True
2874,True
2877,True
2878,True
2854,True
2833,True
2830,True
2766,True
2682,True
2611,True
2628,True
2985,True
2754,True
2674,True
2623,True
2624,True
3050,True
3033,True
2986,True
2888,True
2843,True
2831,True
2698,True
2640,True
2627,True
2627,True
2623,True
2582,True
2866,True
2817,True
2802,True
2765,True
2748,True
2704,True
2555,True
2533,True
2533,True
2522,True
2436,True
2586,True
2556,True
2486,True
2439,True
2422,True
2372,True
2302,True
2308,True
2308,True
2301,True
2141,True
2111,True
2088,True
2073,True
1983,True
1959,True
4979,False
4921,False
4822,False
4701,False
4022,False
3332,False
2766,False
2659,False
2405,False
2131,False
2132,False
2469,False
2413,False
2345,False
2155,False
2001,False
2242,False
2114,False
2101,False
2109,False
2111,False
2058,False
1746,False
4912,True
4868,True
4771,True
4748,True
4692,True
4669,True
4514,True
4501,True
4480,True
4453,True
4353,True
4345,True
4224,True
4190,True
4181,True
4085,True
3876,True
3851,True
3826,True
3798,True
3746,True
3714,True
3707,True
3698,True
3569,True
3544,True
3505,True
3369,True
3267,True
3227,True
3152,True
3088,True
3061,True
3010,True
2959,True
2909,True
3189,True
2964,True
2957,True
2914,True
2773,True
2692,True
2623,True
2575,True
2695,True
2695,True
2561,True
2508,True
2511,True
2414,True
2384,True
2579,True
2557,True
2557,True
2524,True
2475,True
2439,True
2437,True
2427,True
2417,True
2343,True
2221,True
2198,True
2744,True
2695,True
2675,True
2672,True
2665,True
2455,True
2420,True
2401,True
2761,True
2725,True
2527,True
2444,True
2367,True
2369,True
2244,True
2501,True
2501,True
2330,True
5359,False
5327,False
5243,False
4666,False
4342,False
4242,False
4001,False
3838,False
3831,False
3474,False
3447,False
3366,False
3320,False
3157,False
2682,False
2646,False
2571,False
2434,False
2861,False
2655,False
2580,False
2563,False
2554,False
2060,False
1907,False
1753,False
1650,False
1730,False
1796,False
2138,False
2328,False
2316,False
1861,False
1996,False
1916,True
1841,True
1835,True
2755,True
2677,True
2633,True
2532,True
2506,True
2507,True
2363,True
2311,True
2309,True
2239,True
2936,False
2641,False
2285,False
2120,False
2675,False
2620,False
2594,False
2074,False
2006,False
2373,False
2152,False
2533,False
2440,False
2120,False
2284,False
2281,False
2053,False
1740,False
1722,False
1706,False
5240,True
5226,True
5185,True
5179,True
5145,True
4766,True
4713,True
4541,True
4474,True
4381,True
4285,True
4283,True
4272,True
4228,True
4188,True
4105,True
4052,True
4007,True
3993,True
3893,True
3860,True
3853,True
3632,True
3521,True
3439,True
3326,True
3278,True
3264,True
3225,True
3195,True
3165,True
3123,True
3077,True
3074,True
2822,True
2766,True
2720,True
2529,True
2492,True
2489,True
2210,True
2152,True
2202,True
2153,True
2086,True
1899,True
1882,True
1932,True
2710,True
2702,True
2696,True
2596,True
2504,True
2438,True
2358,True
2326,True
2321,True
2324,True
2743,True
2610,True
2564,True
2512,True
2495,True
3438,True
3395,True
3347,True
3293,True
3287,True
3259,True
3200,True
3107,True
3046,True
2771,True
2765,True
2659,True
2567,True
2538,True
2534,True
2462,True
2428,True
2425,True
2425,True
2421,True
2373,True
2304,True
2300,True
2670,True
2630,True
2528,True
2528,True
2505,True
2462,True
2438,True
2396,True
2351,True
2323,True
2328,True
2396,True
2354,True
2329,True
2154,True
5200,False
4990,False
4765,False
4673,False
4349,False
3786,False
3342,False
2611,False
2129,False
2006,False
2183,False
2589,False
2060,False
2416,False
2382,False
2089,False
2090,False
2030,False
1778,False
2591,False
2356,False
5151,True
5108,True
5000,True
4972,True
4971,True
4884,True
4806,True
4715,True
4669,True
4589,True
4427,True
4384,True
4382,True
4350,True
4320,True
4265,True
4174,True
4132,True
4123,True
4101,True
4076,True
4037,True
4031,True
3998,True
3971,True
3962,True
3954,True
3767,True
3764,True
3703,True
3650,True
3620,True
3608,True
3443,True
3429,True
3425,True
3422,True
3351,True
2984,True
2934,True
2801,True
2784,True
2769,True
2764,True
2687,True
2518,True
2476,True
2467,True
2451,True
2434,True
2435,True
2474,True
2418,True
2574,True
2550,True
2458,True
2448,True
2422,True
2399,True
2367,True
2331,True
2215,True
2203,True
2129,True
2240,True
2206,True
2205,True
2206,True
2193,True
2192,True
2163,True
2018,True
2474,True
2432,True
2402,True
2389,True
2279,True
2241,True
2336,True
2151,True
2074,True
2066,True
2022,True
1857,True
2137,True
2065,True
1971,True
1886,True
1856,True
1949,True
2504,True
2475,True
2427,True
2773,True
2759,True
2742,True
2733,True
2597,True
2584,True
2510,True
2530,True
2456,True
5088,False
5079,False
5041,False
4829,False
4727,False
4637,False
4623,False
4543,False
4438,False
4391,False
4143,False
3947,False
3760,False
3668,False
3645,False
3234,False
3150,False
2871,False
1912,False
1913,False
2340,False
2257,False
2278,False
2237,False
2327,False
2236,False
1846,False
1836,False
1913,False
1673,False
1863,False
2176,True
2152,True
2820,False
2179,False
2176,False
2106,False
2105,False
2588,False
2380,False
2266,False
2507,False
2357,False
2317,False
1964,False
1743,False
1704,False
2043,False
5889,True
5744,True
5581,True
5571,True
5543,True
5404,True
5361,True
5348,True
5215,True
5176,True
5051,True
5026,True
5014,True
4993,True
4975,True
4952,True
4951,True
4921,True
4852,True
4771,True
4744,True
4742,True
4737,True
4721,True
4714,True
4660,True
4621,True
4523,True
4519,True
4509,True
4474,True
4429,True
4377,True
4366,True
4340,True
4302,True
4280,True
4230,True
4225,True
4197,True
4190,True
4183,True
4161,True
4750,True
4751,True
4586,True
4526,True
4397,True
4398,True
4397,True
4387,True
3808,True
3752,True
3919,True
3823,True
3809,True
3753,True
3681,True
3754,True
3682,True
3670,True
3665,True
3546,True
3267,True
3145,True
2980,True
2967,True
2922,True
2910,True
2772,True
2764,True
2633,True
2624,True
2589,True
2553,True
2535,True
2459,True
2431,True
2411,True
2352,True
2517,True
2478,True
2464,True
2391,True
2382,True
2385,True
2881,True
2866,True
2849,True
2848,True
2835,True
2864,True
2802,True
2711,True
2639,True
2632,True
2597,True
2570,True
2546,True
2492,True
2646,True
2613,True
2601,True
2591,True
2544,True
2488,True
2481,True
2140,True
2416,True
2402,True
2391,True
2351,True
2312,True
4530,False
3774,False
3743,False
3689,False
3520,False
3482,False
3068,False
3013,False
2959,False
2861,False
2682,False
2647,False
2608,False
2575,False
2373,False
2374,False
2308,False
2183,False
2139,False
2376,False
3229,False
2856,False
2708,False
2611,False
2502,False
2528,False
2252,False
2185,False
1855,False
2127,False
2129,False
2104,False
5743,True
5681,True
5628,True
5618,True
5467,True
5443,True
5389,True
5353,True
5312,True
5045,True
4972,True
4966,True
4962,True
4939,True
4875,True
4817,True
4810,True
4749,True
4715,True
4582,True
4581,True
4491,True
4422,True
4276,True
4274,True
4242,True
4235,True
4200,True
4138,True
3998,True
3910,True
3839,True
3781,True
3704,True
3684,True
3605,True
3591,True
3554,True
3445,True
3442,True
3397,True
3354,True
3321,True
3281,True
3151,True
3132,True
3125,True
3101,True
3024,True
2997,True
2705,True
2669,True
2504,True
2748,True
2729,True
2706,True
2670,True
2575,True
2505,True
2495,True
2470,True
2296,True
2168,True
2136,True
2126,True
2127,True
2255,True
2095,True
2087,True
2185,True
2163,True
2131,True
2047,True
1926,True
1914,True
2247,True
2225,True
2232,True
2144,True
2106,True
2815,True
2488,True
2295,True
2189,True
2118,True
2629,True
2630,True
2557,True
2539,True
2490,True
2284,True
2194,True
2198,True
2178,True
2160,True
2093,True
2395,True
2396,True
2361,True
2340,True
4658,False
4541,False
3714,False
3605,False
3242,False
3022,False
2992,False
2930,False
2838,False
2824,False
2743,False
2555,False
2289,False
2190,False
2873,False
2073,False
2311,False
2284,False
1882,False
2081,False
2087,False
2342,False
2321,False
2392,False
1958,False
1921,False
1871,True
2301,True
2282,True
2249,True
2240,True
2211,True
2196,True
2465,True
2416,True
2381,True
2361,True
2739,False
2735,False
2543,False
2253,False
2241,False
2707,False
2654,False
2579,False
2527,False
2376,False
2261,False
2130,False
2015,False
2145,False
2033,False
1976,False
1947,False
1797,False
2103,False
1923,False
2008,False
2154,False
2139,False
5351,True
5325,True
5272,True
5152,True
5135,True
4978,True
4932,True
4879,True
4801,True
4782,True
4770,True
4767,True
4749,True
4689,True
4630,True
4570,True
4519,True
4515,True
4457,True
4444,True
4420,True
4354,True
4301,True
4298,True
4236,True
4095,True
4006,True
3983,True
3933,True
3916,True
3903,True
3855,True
3752,True
3728,True
3722,True
3626,True
3577,True
3525,True
3427,True
3296,True
3290,True
3238,True
3229,True
3138,True
3123,True
3077,True
2789,True
2618,True
2454,True
2408,True
2409,True
2256,True
2244,True
2310,True
2190,True
2149,True
2059,True
2691,True
2612,True
3098,True
3093,True
3073,True
3013,True
2968,True
2949,True
2904,True
2813,True
2763,True
2871,True
2829,True
2823,True
2810,True
2750,True
2616,True
2607,True
2594,True
2563,True
2567,True
2558,True
2548,True
2541,True
2798,True
2735,True
2715,True
2691,True
2607,True
2543,True
2544,True
2507,True
2393,True
2249,True
2220,True
2173,True
2110,True
1957,True
2045,True
2016,True
2136,True
2658,True
2557,True
2486,True
2481,True
2453,True
2452,True
2410,True
2391,True
2409,True
2384,True
2335,True
2317,True
2264,True
2192,True
2219,True
5547,False
5471,False
5267,False
5180,False
4483,False
4347,False
4318,False
4314,False
4052,False
3849,False
3625,False
3509,False
3481,False
3451,False
2884,False
2675,False
2543,False
2395,False
2305,False
2491,False
3458,False
3478,False
2956,False
2918,False
2816,False
2720,False
2697,False
2660,False
2394,False
2377,False
2339,False
2892,False
2802,False
2260,False
2010,False
5048,True
4988,True
4952,True
4893,True
4837,True
4738,True
4733,True
4682,True
4679,True
4677,True
4647,True
4613,True
4550,True
4402,True
4356,True
4337,True
4169,True
3965,True
3922,True
3913,True
3904,True
3829,True
3766,True
3712,True
3655,True
3546,True
3409,True
3387,True
3376,True
3334,True
3317,True
3283,True
3246,True
3243,True
3132,True
3006,True
3007,True
2985,True
2808,True
2908,True
2809,True
2775,True
3096,True
3092,True
3060,True
2933,True
2903,True
2849,True
2839,True
2840,True
2806,True
2803,True
2736,True
2638,True
2617,True
2602,True
2585,True
2795,True
2782,True
2634,True
2605,True
2646,True
2384,True
2336,True
2316,True
2266,True
2193,True
2799,True
2762,True
2648,True
2638,True
2640,True
2551,True
2485,True
2389,True
2237,True
2160,True
2143,True
2056,True
2215,True
1989,True
2537,True
2533,True
2496,True
2488,True
2481,True
2391,True
5475,False
5058,False
4767,False
4669,False
4299,False
4195,False
3021,False
2873,False
2088,False
1752,False
1684,False
1571,False
2116,False
2370,False
2353,False
2325,False
2382,False
2186,False
2300,True
2228,True
2228,True
2007,True
2495,True
2384,True
2327,True
2305,True
2593,True
2481,True
2419,True
2379,True
2330,True
2243,True
2234,True
2193,True
2104,True
2078,True
2029,True
3147,False
2991,False
2826,False
2674,False
2487,False
2426,False
2122,False
1910,False
1921,False
2736,False
2604,False
2593,False
2592,False
2349,False
2211,False
2183,False
2185,False
2102,False
1747,False
2062,False
4940,True
4933,True
4920,True
4914,True
4817,True
4791,True
4788,True
4763,True
4669,True
4644,True
4606,True
4558,True
4388,True
4329,True
4293,True
4199,True
4156,True
4083,True
4071,True
4069,True
4049,True
4016,True
3889,True
3809,True
3734,True
3658,True
3562,True
3560,True
3485,True
3380,True
3352,True
3336,True
3281,True
3240,True
3235,True
3220,True
3176,True
3174,True
3170,True
3044,True
3031,True
2873,True
2832,True
2755,True
2714,True
2708,True
2624,True
2544,True
2455,True
2404,True
2376,True
2349,True
2269,True
2238,True
2331,True
2313,True
2301,True
2685,True
2635,True
2636,True
3160,True
3155,True
3146,True
2953,True
2900,True
2893,True
2886,True
2693,True
2635,True
2634,True
2571,True
2515,True
2461,True
2391,True
2269,True
2220,True
2190,True
2172,True
2115,True
2092,True
2664,True
2569,True
2549,True
2433,True
2401,True
2189,True
2187,True
2315,True
2258,True
2761,True
2740,True
2691,True
2656,True
2657,True
2575,True
2389,True
2375,True
2439,True
2383,True
2319,True
2231,True
4956,False
4871,False
4867,False
4829,False
4431,False
4255,False
4122,False
4119,False
3978,False
3874,False
3588,False
3288,False
2912,False
2590,False
2557,False
2431,False
2058,False
2467,False
1998,False
2228,False
5341,True
5088,True
5086,True
5058,True
5055,True
5021,True
5014,True
4928,True
4927,True
4640,True
4624,True
4595,True
4538,True
4524,True
4500,True
4492,True
4486,True
4472,True
4443,True
4407,True
4392,True
4353,True
4317,True
4234,True
4206,True
4141,True
4039,True
3988,True
3930,True
3766,True
3765,True
3759,True
3693,True
3547,True
3372,True
3355,True
3348,True
3339,True
3302,True
3278,True
3209,True
3188,True
2985,True
2860,True
3175,True
3009,True
2899,True
2888,True
3204,True
3200,True
3179,True
3161,True
3118,True
3000,True
2903,True
2898,True
2855,True
2775,True
2716,True
2665,True
2636,True
2616,True
2581,True
2497,True
2467,True
2349,True
2284,True
2473,True
2476,True
2423,True
2364,True
2268,True
2547,True
2541,True
2524,True
2501,True
2863,True
2818,True
2639,True
2630,True
2591,True
2567,True
2483,True
2481,True
2432,True
2426,True
2235,True
2105,True
2177,True
3270,True
3251,True
3219,True
3117,True
3101,True
3096,True
3045,True
3005,True
2977,True
2948,True
2907,True
2878,True
2812,True
2750,True
2725,True
2618,True
2559,True
5947,False
5867,False
5620,False
5595,False
5594,False
5528,False
5454,False
5444,False
5209,False
5025,False
5010,False
4899,False
4808,False
4775,False
4695,False
3628,False
3454,False
3423,False
2741,False
2585,False
2493,False
2091,False
1613,False
2019,False
1914,False
1773,False
1724,False
2660,False
2337,False
1980,False
1963,False
2136,True
2064,True
2346,True
2372,True
2693,True
2571,True
2555,True
2329,True
2312,True
2270,True
2259,True
2243,True
2780,False
2710,False
2772,False
2353,False
2317,False
1987,False
2356,False
2210,False
2017,False
1863,False
3152,False
3155,False
3095,False
2985,False
2729,False
2542,False
2204,False
2086,False
5327,True
5319,True
5294,True
5220,True
5162,True
5149,True
5088,True
5064,True
5044,True
5003,True
4796,True
4794,True
4770,True
4757,True
4756,True
4749,True
4716,True
4559,True
4513,True
4431,True
4389,True
4363,True
4327,True
4250,True
4240,True
4193,True
4140,True
4101,True
4035,True
3972,True
3940,True
3931,True
3843,True
3686,True
3549,True
3422,True
3394,True
3314,True
3311,True
3203,True
3179,True
3152,True
3136,True
3037,True
3024,True
3006,True
2941,True
2808,True
2685,True
2676,True
2541,True
2530,True
2520,True
2319,True
2092,True
2093,True
2498,True
2433,True
2733,True
2726,True
2717,True
2716,True
2714,True
2665,True
2643,True
2617,True
2530,True
2489,True
2377,True
2379,True
2374,True
2191,True
2417,True
2399,True
2381,True
2319,True
2293,True
2204,True
2195,True
2924,True
2896,True
2875,True
2868,True
2935,True
2799,True
2705,True
2698,True
2692,True
2684,True
2682,True
2680,True
2682,True
2560,True
2550,True
2534,True
2525,True
2164,True
2139,True
2134,True
2122,True
2724,True
2682,True
2650,True
2629,True
2980,True
2910,True
2878,True
2759,True
2756,True
2574,True
2572,True
2570,True
2717,True
2713,True
2697,True
2598,True
2535,True
2470,True
2422,True
2332,True
2364,True
2327,True
4854,False
4804,False
4572,False
4240,False
4022,False
4009,False
3355,False
2996,False
2520,False
2208,False
1931,False
1812,False
2081,False
1973,False
2074,False
2064,False
1975,False
2612,False
2185,False
1891,False
1862,False
1728,False
5200,True
5198,True
5193,True
5130,True
5102,True
5088,True
5022,True
5005,True
4880,True
4846,True
4845,True
4777,True
4758,True
4749,True
4655,True
4581,True
4484,True
4436,True
4400,True
4399,True
4398,True
4383,True
4363,True
4296,True
4209,True
4118,True
4022,True
3919,True
3837,True
3820,True
3705,True
3686,True
3565,True
3547,True
3459,True
3441,True
3368,True
3353,True
3332,True
3254,True
3225,True
3090,True
3031,True
3026,True
3013,True
3012,True
2996,True
3121,True
2964,True
2912,True
2702,True
2661,True
2629,True
2518,True
2503,True
2331,True
2316,True
2516,True
2670,True
2619,True
2524,True
2440,True
2363,True
2214,True
2175,True
2096,True
2089,True
2356,True
2402,True
2389,True
2458,True
2401,True
2281,True
2282,True
2282,True
2185,True
2109,True
2109,True
2068,True
2064,True
2040,True
2069,True
2022,True
2012,True
1998,True
2344,True
2613,True
2577,True
2539,True
2419,True
2197,True
2191,True
2177,True
2176,True
2401,True
2339,True
2248,True
2190,True
2177,True
2332,True
2326,True
2246,True
2198,True
2191,True
2197,True
2161,True
5036,False
4864,False
4826,False
4561,False
4357,False
3526,False
3446,False
3416,False
3222,False
3207,False
3025,False
3014,False
2965,False
2906,False
3136,False
2771,False
2678,False
2609,False
2432,False
2205,False
2268,False
2709,False
2609,False
2511,False
2413,False
2792,False
2790,False
1312,False
1721,True
2288,True
2753,False
2559,False
4257,False
4096,False
3870,False
3825,False
3424,False
2852,False
2842,False
2799,False
2499,False
2300,False
1943,False
2272,False
2468,False
2423,False
2027,False
5932,True
5790,True
5721,True
5716,True
5673,True
5648,True
5573,True
5554,True
5544,True
5542,True
5506,True
5500,True
5452,True
5412,True
5384,True
5363,True
5166,True
5162,True
5063,True
5044,True
5032,True
5022,True
4943,True
4927,True
4765,True
4710,True
4701,True
4689,True
4651,True
4532,True
4517,True
4414,True
4392,True
4096,True
3975,True
3913,True
3909,True
3871,True
3675,True
3616,True
3488,True
3421,True
3396,True
3366,True
3363,True
3312,True
3302,True
3140,True
3109,True
3042,True
2915,True
2818,True
2817,True
2814,True
2768,True
2693,True
2685,True
2633,True
2617,True
2570,True
2568,True
2439,True
2370,True
2285,True
2047,True
1969,True
2043,True
2083,True
1999,True
1937,True
1936,True
2056,True
2079,True
1952,True
2442,True
2512,True
2496,True
2426,True
3263,True
3240,True
3242,True
3179,True
3169,True
3162,True
3110,True
3104,True
3047,True
2989,True
2947,True
3132,True
3133,True
2836,True
2814,True
2757,True
2749,True
2662,True
2655,True
2629,True
2514,True
2508,True
2484,True
4762,False
4289,False
4271,False
3907,False
3507,False
3311,False
3209,False
2848,False
2524,False
2328,False
2245,False
2032,False
2442,False
2386,False
2178,False
2166,False
2332,False
2176,False
5474,True
5473,True
5442,True
5423,True
5362,True
5361,True
5335,True
5291,True
5276,True
5250,True
5220,True
5209,True
5068,True
4982,True
4933,True
4932,True
4905,True
4889,True
4880,True
4807,True
4799,True
4766,True
4758,True
4757,True
4745,True
4601,True
4587,True
4573,True
4499,True
4460,True
4376,True
4354,True
4240,True
4208,True
4096,True
4036,True
3990,True
3951,True
3920,True
3842,True
3727,True
3609,True
3590,True
3537,True
3402,True
3395,True
3371,True
3308,True
3206,True
3122,True
3091,True
3089,True
2922,True
2860,True
2858,True
2948,True
2892,True
2872,True
2764,True
2659,True
2673,True
2611,True
2611,True
2599,True
2672,True
2668,True
2662,True
2620,True
2589,True
2516,True
2467,True
2401,True
2341,True
2342,True
2343,True
2590,True
2564,True
2547,True
2548,True
2514,True
2488,True
2453,True
2438,True
2790,True
2791,True
2789,True
2721,True
2651,True
2561,True
2530,True
2271,True
2269,True
2217,True
2217,True
2202,True
2809,True
2786,True
2688,True
2946,True
2972,True
2934,True
2890,True
3352,True
3327,True
3294,True
3257,True
3228,True
3209,True
3185,True
3148,True
3149,True
3128,True
3133,True
3072,True
3019,True
2983,True
2981,True
2914,True
2896,True
2873,True
2834,True
2831,True
2830,True
2757,True
5750,False
5473,False
5312,False
4933,False
4706,False
4630,False
3849,False
3719,False
3661,False
3552,False
3444,False
2992,False
2804,False
2786,False
2548,False
2307,False
2338,False
2251,False
2129,False
2016,False
1973,False
1849,False
2463,False
2201,False
2117,False
2057,False
2264,False
2331,False
2333,False
2302,False
2137,False
2066,False
2049,False
1938,False
1988,False
1919,False
1807,False
1831,True
2202,True
2160,True
2336,True
2251,True
2210,True
2206,True
2144,True
2124,True
2115,True
2111,True
2143,True
2210,True
2182,True
2180,True
2304,True
2274,True
2259,True
2254,True
2165,True
2144,True
2092,True
2155,True
2125,True
2092,True
2003,True
2016,True
2019,True
2018,True
2009,True
2702,False
2561,False
2248,False
1838,False
1839,False
2517,False
2517,False
2477,False
2042,False
1995,False
1826,False
2011,False
1943,False
1829,False
1805,False
1490,False
2379,False
2358,False
2046,False
5007,True
4996,True
4882,True
4873,True
4770,True
4729,True
4709,True
4696,True
4690,True
4673,True
4623,True
4613,True
4385,True
4356,True
4321,True
4297,True
4295,True
4292,True
4266,True
4243,True
4215,True
4148,True
4143,True
4126,True
3948,True
3914,True
3908,True
3793,True
3781,True
3780,True
3753,True
3631,True
3444,True
3437,True
3398,True
3388,True
3370,True
3326,True
3105,True
2867,True
2857,True
2832,True
2830,True
2807,True
2675,True
2626,True
2284,True
2131,True
2285,True
2132,True
2061,True
2062,True
2063,True
2067,True
2040,True
1971,True
2557,True
2541,True
2438,True
2432,True
2322,True
2272,True
2154,True
2384,True
2365,True
3128,True
2984,True
2916,True
2896,True
2895,True
2764,True
2716,True
2665,True
2531,True
2522,True
2449,True
2404,True
2479,True
2451,True
2441,True
2414,True
2407,True
2407,True
2385,True
2363,True
2336,True
2283,True
2218,True
2351,True
2531,True
2513,True
2510,True
2670,True
2554,True
2521,True
2479,True
2442,True
2401,True
2245,True
2142,True
2068,True
2152,True
2069,True
2056,True
5118,False
5065,False
4819,False
4656,False
4254,False
4016,False
3409,False
3149,False
3015,False
2909,False
2726,False
2396,False
2365,False
2218,False
2037,False
5003,True
4990,True
4765,True
4724,True
4681,True
4662,True
4627,True
4614,True
4540,True
4503,True
4435,True
4326,True
4322,True
4260,True
4215,True
4175,True
4086,True
4052,True
4013,True
3959,True
3918,True
3858,True
3838,True
3815,True
3774,True
3746,True
3606,True
3461,True
3406,True
3394,True
3245,True
3225,True
3215,True
3022,True
3066,True
3023,True
2932,True
2904,True
2893,True
2876,True
2845,True
2595,True
2589,True
2484,True
2596,True
2590,True
2513,True
2485,True
2479,True
2387,True
2444,True
2441,True
2342,True
2514,True
2469,True
2457,True
2459,True
2414,True
2400,True
2250,True
2196,True
2221,True
2206,True
2858,True
2759,True
2656,True
2591,True
2565,True
2429,True
2621,True
2618,True
2594,True
2480,True
2470,True
2450,True
2444,True
2443,True
2345,True
2163,True
2122,True
2160,True
2074,True
2208,True
2198,True
2174,True
2171,True
2156,True
2139,True
2118,True
2117,True
2097,True
2088,True
2234,True
2228,True
2170,True
1997,True
2043,True
2521,True
2473,True
2381,True
4978,False
4892,False
4823,False
4776,False
4423,False
4288,False
4146,False
3780,False
3701,False
3541,False
3383,False
3293,False
3485,False
3172,False
2763,False
2008,False
2260,False
1692,False
1825,False
2062,False
2496,False
2483,False
2677,False
2641,False
2632,False
2588,False
2463,False
2037,False
2035,True
2326,True
2205,True
2711,True
2676,True
2491,True
2493,True
2490,True
2485,True
2481,True
3003,False
3000,False
2768,False
2634,False
2522,False
2303,False
2238,False
2180,False
2388,False
2213,False
2361,False
2319,False
2419,False
2395,False
2325,False
2261,False
1772,False
1810,False
2428,False
2407,False
2341,False
2294,False
2187,False
5540,True
5535,True
5483,True
5422,True
5416,True
5358,True
5352,True
5272,True
5268,True
5251,True
5198,True
5159,True
5134,True
5099,True
5055,True
5011,True
4987,True
4964,True
4887,True
4863,True
4789,True
4768,True
4681,True
4667,True
4666,True
4630,True
4292,True
4285,True
4261,True
4246,True
3874,True
3862,True
3709,True
3699,True
3676,True
3648,True
3596,True
3575,True
3522,True
3455,True
3421,True
3352,True
3349,True
3262,True
3212,True
3184,True
3170,True
3131,True
3056,True
3039,True
2925,True
2749,True
2676,True
2635,True
2476,True
2436,True
2363,True
2342,True
2671,True
2664,True
2621,True
2553,True
2887,True
2872,True
2832,True
2786,True
2710,True
2664,True
2546,True
2542,True
2529,True
2461,True
2958,True
2811,True
2662,True
2657,True
2651,True
2606,True
2504,True
2504,True
2505,True
2484,True
2476,True
2510,True
2490,True
2489,True
2472,True
2464,True
2442,True
2429,True
3234,True
3230,True
3212,True
3189,True
3189,True
3098,True
3074,True
3072,True
3452,True
3417,True
3349,True
3319,True
3302,True
3245,True
3211,True
3141,True
3047,True
2972,True
2974,True
2943,True
2937,True
2798,True
2771,True
2718,True
2692,True
2550,True
2474,True
2346,True
2339,True
2178,True
5225,False
4565,False
4512,False
4503,False
4419,False
4195,False
4095,False
4056,False
4013,False
3931,False
3885,False
2362,False
2360,False
2317,False
2592,False
1947,False
2071,False
1874,False
2720,False
2619,False
2559,False
2382,False
2339,False
2267,False
2166,False
2110,False
2192,False
2594,False
2573,False
2575,False
2575,False
2383,False
5181,True
5145,True
5049,True
5005,True
4981,True
4920,True
4878,True
4810,True
4795,True
4749,True
4713,True
4679,True
4645,True
4630,True
4628,True
4523,True
4397,True
4266,True
4007,True
3902,True
3868,True
3791,True
3787,True
3724,True
3710,True
3703,True
3676,True
3662,True
3542,True
3443,True
3334,True
3208,True
3186,True
3077,True
3050,True
2968,True
2948,True
2751,True
2749,True
2713,True
2700,True
2673,True
2601,True
2477,True
2750,True
2686,True
2637,True
2537,True
2451,True
2426,True
2407,True
2359,True
2288,True
2287,True
2265,True
2112,True
2046,True
2352,True
2290,True
2271,True
2172,True
2110,True
2099,True
2562,True
2504,True
2485,True
2483,True
2755,True
2737,True
2715,True
2621,True
2621,True
2610,True
2383,True
2309,True
2267,True
2248,True
2205,True
2153,True
2105,True
2434,True
2215,True
2129,True
2081,True
2338,True
2309,True
2310,True
2382,True
2317,True
2658,True
2510,True
2442,True
2406,True
4935,False
4756,False
4513,False
4263,False
4152,False
4083,False
3618,False
3613,False
3439,False
2821,False
2290,False
2108,False
2507,False
2378,False
2248,False
1974,False
2101,False
2117,False
1898,False
1885,False
2742,False
2179,False
1832,True
1912,True
2669,True
2658,True
2634,True
2555,True
2539,True
2606,True
2560,True
2528,True
2486,True
2477,True
2471,True
2379,True
2312,True
2245,True
2178,True
2158,True
2134,True
2073,True
2028,True
2438,False
2184,False
2035,False
1977,False
1859,False
2197,False
1825,False
1827,False
3142,False
2918,False
2760,False
2869,False
2790,False
2425,False
2419,False
4959,True
4942,True
4864,True
4849,True
4841,True
4791,True
4639,True
4633,True
4575,True
4491,True
4469,True
4425,True
4381,True
4366,True
4363,True
4355,True
4335,True
4296,True
4243,True
4224,True
4206,True
4190,True
4131,True
4130,True
4113,True
4088,True
4049,True
4014,True
3944,True
3780,True
3716,True
3647,True
3587,True
3583,True
3513,True
3407,True
3368,True
3292,True
3155,True
2986,True
2977,True
2967,True
2937,True
2844,True
2658,True
2642,True
2522,True
2523,True
2592,True
2542,True
3143,True
3113,True
3019,True
2939,True
2931,True
2913,True
2845,True
2828,True
2748,True
2739,True
2656,True
2595,True
2580,True
2404,True
2397,True
2292,True
2179,True
2397,True
2348,True
2332,True
2250,True
2208,True
2348,True
2669,True
2650,True
2547,True
2535,True
2507,True
2372,True
2649,True
2566,True
2523,True
2463,True
2446,True
2437,True
2417,True
2379,True
2397,True
2388,True
2380,True
2350,True
2264,True
2131,True
2132,True
2510,True
2440,True
2432,True
2388,True
2290,True
2292,True
2263,True
2256,True
5126,False
4568,False
4412,False
4259,False
4081,False
4038,False
3757,False
3680,False
3316,False
2584,False
2323,False
2121,False
1893,False
1885,False
2232,False
2205,False
2725,False
2535,False
2383,False
2215,False
2019,False
2326,False
2303,False
2221,False
2069,False
2297,False
2094,False
2256,False
2104,False
2161,False
1929,False
5658,True
5540,True
5514,True
5506,True
5490,True
5466,True
5441,True
5439,True
5369,True
5361,True
5330,True
5297,True
5167,True
5114,True
4925,True
4789,True
4781,True
4768,True
4764,True
4714,True
4677,True
4662,True
4545,True
4521,True
4340,True
4281,True
4195,True
4170,True
4107,True
4102,True
4091,True
4054,True
4024,True
4004,True
4002,True
3983,True
3977,True
3945,True
3879,True
3779,True
3763,True
3717,True
3702,True
3683,True
3678,True
3633,True
3620,True
3581,True
3531,True
3518,True
3514,True
3447,True
3324,True
3273,True
3235,True
3180,True
3094,True
2958,True
2913,True
2902,True
2901,True
2814,True
2775,True
2591,True
2507,True
2499,True
2497,True
2475,True
2426,True
2493,True
2339,True
2411,True
2294,True
2206,True
2191,True
2180,True
2202,True
2182,True
2466,True
2443,True
2421,True
2336,True
2263,True
2124,True
2059,True
3269,True
3265,True
3258,True
3147,True
3119,True
3081,True
3063,True
2985,True
2963,True
2892,True
2852,True
2705,True
2649,True
2624,True
2606,True
3151,True
3102,True
3053,True
2851,True
2845,True
2727,True
2660,True
2521,True
2434,True
2436,True
2391,True
2392,True
2369,True
2399,True
2368,True
2382,True
2311,True
2247,True
2245,True
2216,True
2161,True
2146,True
2012,True
1901,True
1900,True
4612,False
4342,False
4191,False
3932,False
3924,False
3897,False
3461,False
2836,False
2744,False
2716,False
2663,False
2339,False
2053,False
2909,False
2590,False
2487,False
2533,False
2037,False
1734,False
1801,False
1531,True
2356,True
2304,True
2616,True
2517,True
2790,False
2474,False
3142,False
3140,False
2566,False
2544,False
2491,False
2483,False
3005,False
2516,False
2444,False
2281,False
2080,False
1602,False
5545,True
5514,True
5430,True
5418,True
5399,True
5380,True
5229,True
5136,True
5101,True
5029,True
4965,True
4949,True
4896,True
4894,True
4892,True
4882,True
4650,True
4640,True
4612,True
4579,True
4489,True
4421,True
4398,True
4375,True
4294,True
4277,True
4179,True
4091,True
4086,True
3928,True
3816,True
3815,True
3553,True
3547,True
3497,True
3491,True
3471,True
3436,True
3379,True
3283,True
3234,True
3147,True
3110,True
2870,True
3144,True
3144,True
3086,True
3212,True
3112,True
2868,True
2822,True
2802,True
2581,True
2519,True
2513,True
2818,True
2799,True
2728,True
2693,True
2911,True
2900,True
2866,True
2631,True
2594,True
2589,True
2509,True
2452,True
2377,True
2316,True
2314,True
3415,True
3405,True
3359,True
3245,True
3239,True
3173,True
3068,True
3068,True
2935,True
2932,True
2888,True
2846,True
2772,True
2771,True
2771,True
2738,True
2702,True
2635,True
2591,True
2751,True
2733,True
2685,True
2671,True
2641,True
2592,True
2570,True
2443,True
2444,True
2380,True
2328,True
2254,True
2209,True
2209,True
2171,True
2080,True
2146,True
2096,True
1983,True
1821,True
4496,False
4160,False
4079,False
4021,False
3753,False
3419,False
3278,False
3196,False
3179,False
3158,False
3034,False
2942,False
2828,False
2598,False
2474,False
1906,False
2323,False
2224,False
1989,False
1930,False
3335,False
3121,False
2929,False
2853,False
2638,False
2638,False
2597,False
2594,False
1944,False
2183,False
1746,False
4802,True
4726,True
4678,True
4663,True
4640,True
4613,True
4600,True
4591,True
4557,True
4520,True
4440,True
4400,True
4383,True
4282,True
4163,True
4128,True
4001,True
3999,True
3973,True
3970,True
3928,True
3833,True
3800,True
3777,True
3672,True
3665,True
3639,True
3596,True
3463,True
3355,True
3300,True
3298,True
3235,True
3177,True
3149,True
3126,True
3110,True
3038,True
3021,True
2995,True
2932,True
2912,True
2700,True
2678,True
2638,True
2538,True
2523,True
2499,True
2285,True
2278,True
2200,True
2235,True
2271,True
2210,True
2148,True
2094,True
2583,True
2575,True
2425,True
2422,True
2422,True
2391,True
2362,True
2425,True
2407,True
2390,True
2288,True
2433,True
2403,True
2404,True
2373,True
2354,True
2482,True
2457,True
2430,True
2361,True
2276,True
2316,True
2321,True
2295,True
2237,True
2139,True
2257,True
2215,True
2197,True
2141,True
3464,True
3464,True
3458,True
3435,True
3426,True
3385,True
3298,True
3237,True
3239,True
3239,True
3211,True
2898,True
2820,True
2768,True
2705,True
2702,True
2674,True
2660,True
2635,True
2625,True
2583,True
2558,True
2543,True
2509,True
2494,True
2452,True
2448,True
2428,True
2443,True
2438,True
2413,True
2408,True
2403,True
2537,True
2493,True
2416,True
2417,True
5409,False
4821,False
4636,False
4569,False
4538,False
4088,False
4074,False
3890,False
3595,False
3332,False
3176,False
3116,False
2530,False
2075,False
2382,False
2025,False
2028,False
2664,False
2538,False
2430,False
2224,False
2409,False
2266,False
2299,False
2306,False
