1973,True
1910,True
2226,True
2173,True
2165,True
2185,True
2178,True
2095,True
2385,True
2381,True
2363,True
2335,True
2335,True
2289,True
2211,True
2097,True
2033,True
2028,True
1975,True
1929,True
2120,True
3037,False
3035,False
2870,False
2847,False
2654,False
2541,False
2491,False
2149,False
2302,False
2258,False
2359,False
2430,False
2289,False
2222,False
2092,False
2481,False
2394,False
2267,False
2011,False
3152,False
2665,False
2638,False
2478,False
2318,False
2319,False
2315,False
2125,False
2114,False
2056,False
1894,False
1892,False
5049,True
4969,True
4959,True
4937,True
4900,True
4891,True
4824,True
4793,True
4600,True
4594,True
4445,True
4375,True
4206,True
4170,True
4169,True
4154,True
4141,True
4139,True
4104,True
4077,True
4060,True
3806,True
3804,True
3761,True
3673,True
3604,True
3517,True
3476,True
3456,True
3414,True
3396,True
3270,True
3262,True
3095,True
3078,True
3036,True
3035,True
3008,True
2920,True
2809,True
2703,True
2643,True
2545,True
2436,True
2434,True
2401,True
2315,True
2316,True
2404,True
2408,True
2373,True
2356,True
2337,True
2224,True
2298,True
2250,True
2113,True
2092,True
2070,True
3035,True
2769,True
2728,True
2624,True
2606,True
2397,True
2390,True
2344,True
2250,True
2449,True
2639,True
2631,True
2589,True
2862,True
2656,True
2665,True
2563,True
2482,True
2888,True
2868,True
2817,True
2782,True
2713,True
2843,True
2757,True
2704,True
4883,False
4747,False
4503,False
4495,False
4368,False
4175,False
3678,False
3649,False
3385,False
3270,False
3242,False
3090,False
3089,False
2407,False
2400,False
2442,False
2387,False
2315,False
1973,False
1795,False
1933,False
1846,False
1853,False
1603,False
2698,False
2516,False
2448,False
2266,False
2143,False
2039,False
2406,False
2284,False
2231,False
2559,False
2048,False
2005,False
1989,False
1987,False
1953,False
5598,True
5504,True
5419,True
5405,True
5401,True
5256,True
5235,True
5225,True
5198,True
5180,True
5150,True
5137,True
5113,True
5095,True
5034,True
5015,True
4843,True
4784,True
4710,True
4662,True
4653,True
4626,True
4623,True
4598,True
4554,True
4526,True
4464,True
4318,True
4099,True
4051,True
3951,True
3886,True
3816,True
3779,True
3752,True
3657,True
3654,True
3612,True
3527,True
3453,True
3414,True
3325,True
3234,True
3217,True
3169,True
3145,True
3083,True
3080,True
3030,True
2912,True
2836,True
2820,True
2819,True
2806,True
2502,True
2427,True
2205,True
2183,True
2402,True
2361,True
2357,True
2293,True
2454,True
2204,True
2345,True
2344,True
2268,True
2204,True
2202,True
2198,True
2190,True
2057,True
1987,True
1798,True
2381,True
2384,True
2357,True
2542,True
2525,True
2508,True
2401,True
2347,True
2296,True
2292,True
2294,True
2224,True
2480,True
2233,True
2181,True
2166,True
2333,True
2293,True
2249,True
2247,True
2181,True
2162,True
2089,True
2086,True
2041,True
1875,True
1880,True
5087,False
5036,False
4958,False
4649,False
4624,False
4427,False
4208,False
3982,False
3827,False
3796,False
3467,False
3433,False
3043,False
2927,False
2897,False
2870,False
2712,False
2676,False
2546,False
2506,False
2505,False
2465,False
2455,False
2837,False
2676,False
2311,False
2165,False
2320,False
2261,False
1799,False
2164,False
2108,False
2095,False
2262,False
2359,False
2297,False
2172,False
2070,False
1810,True
1741,True
2048,True
2024,True
2257,True
2283,True
2131,True
2002,True
1909,True
2090,True
2495,False
2355,False
2294,False
2256,False
2257,False
2643,False
2539,False
2546,False
2240,False
2228,False
2469,False
2461,False
2383,False
2286,False
2082,False
2030,False
2361,False
2335,False
2310,False
2234,False
1934,False
2372,False
2219,False
2139,False
2106,False
1971,False
2197,False
1946,False
1911,False
5080,True
5045,True
4872,True
4868,True
4804,True
4773,True
4757,True
4696,True
4694,True
4643,True
4569,True
4563,True
4531,True
4526,True
4452,True
4413,True
4177,True
4170,True
4124,True
4119,True
4117,True
3724,True
3675,True
3654,True
3564,True
3550,True
3503,True
3458,True
3395,True
3383,True
3375,True
3199,True
3177,True
3157,True
3129,True
3116,True
3094,True
2980,True
2848,True
2798,True
2705,True
2826,True
2783,True
3007,True
2996,True
2802,True
2510,True
2499,True
2381,True
2498,True
2431,True
2416,True
2364,True
2318,True
2293,True
2133,True
2065,True
2008,True
2259,True
2258,True
2147,True
2178,True
2136,True
2122,True
2023,True
2135,True
2097,True
2353,True
2353,True
2282,True
2293,True
2246,True
2196,True
2185,True
2186,True
2332,True
2566,True
2375,True
2368,True
2301,True
2271,True
2256,True
2240,True
2124,True
2117,True
2127,True
2128,True
2400,True
2389,True
2375,True
2352,True
2345,True
2302,True
2272,True
2229,True
2190,True
2639,True
2630,True
2533,True
2355,True
2347,True
4954,False
4936,False
4933,False
4574,False
4549,False
4415,False
4319,False
3765,False
3728,False
3693,False
3121,False
3065,False
2818,False
2805,False
2784,False
2528,False
2084,False
1984,False
2334,False
2352,False
2219,False
3012,False
2905,False
2859,False
2839,False
2633,False
2601,False
2603,False
2557,False
2482,False
2369,False
2317,False
2227,False
2041,False
1914,False
1847,False
1848,False
2404,False
2310,False
5603,True
5552,True
5502,True
5298,True
5248,True
5213,True
5056,True
4983,True
4885,True
4779,True
4492,True
4491,True
4344,True
4266,True
4176,True
4020,True
4017,True
3986,True
3962,True
3907,True
3883,True
3721,True
3712,True
3708,True
3648,True
3630,True
3545,True
3470,True
3336,True
3305,True
3265,True
3183,True
3112,True
3039,True
3026,True
2982,True
2979,True
2705,True
2681,True
2636,True
2423,True
2372,True
2341,True
2337,True
2296,True
2256,True
2110,True
2092,True
2092,True
2086,True
2395,True
2614,True
2610,True
3218,True
3197,True
3124,True
2943,True
2945,True
2891,True
2764,True
2675,True
2585,True
2412,True
2316,True
2313,True
2221,True
2184,True
2138,True
2132,True
2123,True
2069,True
1993,True
2097,True
2198,True
2146,True
2557,True
2519,True
2488,True
2470,True
2474,True
2433,True
2336,True
2239,True
2236,True
5366,False
5244,False
5049,False
4962,False
4709,False
4333,False
4263,False
4070,False
3962,False
3707,False
3586,False
3543,False
3474,False
3441,False
2768,False
2698,False
2628,False
2578,False
2518,False
2457,False
2219,False
2161,False
2156,False
2074,False
2040,False
2030,False
2060,False
2041,False
2025,False
2109,False
1881,False
1816,False
2416,False
2367,False
2095,False
2482,False
1631,True
2389,True
2355,True
2339,True
2334,True
2288,True
2566,True
2560,True
2532,True
2527,True
2522,True
2464,True
2452,True
2442,True
2446,True
2668,False
2443,False
2572,False
2453,False
2439,False
2902,False
2780,False
2769,False
2597,False
2550,False
2343,False
2294,False
2140,False
2030,False
1979,False
1696,False
2062,False
2054,False
2089,False
1964,False
5544,True
5292,True
5252,True
5229,True
5101,True
5025,True
4875,True
4860,True
4831,True
4825,True
4761,True
4736,True
4712,True
4704,True
4666,True
4664,True
4640,True
4580,True
4558,True
4554,True
4549,True
4243,True
4216,True
4178,True
4134,True
4119,True
3756,True
3747,True
3740,True
3218,True
3207,True
3168,True
3013,True
2990,True
2916,True
2910,True
2905,True
2902,True
2897,True
2867,True
2862,True
2618,True
2421,True
2387,True
2303,True
2271,True
2182,True
2059,True
2027,True
2205,True
2063,True
2181,True
2268,True
2331,True
2497,True
2504,True
2481,True
3185,True
3138,True
3136,True
3050,True
2980,True
2955,True
2904,True
2764,True
2647,True
2564,True
2668,True
2627,True
2616,True
2564,True
2468,True
2388,True
2387,True
2358,True
2437,True
2397,True
2383,True
2383,True
2252,True
2250,True
2176,True
2039,True
1996,True
1966,True
1994,True
1859,True
1779,True
1771,True
2056,True
2014,True
2199,True
2593,True
2782,True
2726,True
2566,True
2526,True
2393,True
2383,True
2328,True
5543,False
5493,False
5463,False
5377,False
5212,False
5150,False
5082,False
5053,False
5047,False
5007,False
4692,False
4677,False
4676,False
4251,False
4240,False
3898,False
3427,False
3338,False
3266,False
3138,False
2816,False
2734,False
2662,False
2511,False
2512,False
2438,False
2380,False
2389,False
2285,False
2283,False
2122,False
2046,False
2371,False
2344,False
1960,False
1802,False
1579,False
1745,False
2358,False
2294,False
2343,False
2051,False
2017,False
1923,False
2125,False
1948,False
1891,False
2027,False
5322,True
5214,True
5192,True
5183,True
5173,True
5129,True
5108,True
5083,True
4957,True
4954,True
4947,True
4898,True
4876,True
4865,True
4848,True
4844,True
4831,True
4741,True
4690,True
4602,True
4594,True
4544,True
4511,True
4501,True
4430,True
4398,True
4292,True
4181,True
4150,True
4111,True
4109,True
4069,True
3988,True
3967,True
3807,True
3780,True
3746,True
3717,True
3661,True
3468,True
3374,True
3103,True
3038,True
3021,True
3019,True
2899,True
2886,True
2880,True
2752,True
2665,True
2455,True
2399,True
2290,True
2737,True
2574,True
2472,True
2443,True
2361,True
2392,True
2348,True
2323,True
2281,True
2380,True
2279,True
2238,True
2213,True
2187,True
2186,True
2172,True
2394,True
2388,True
2371,True
2486,True
2421,True
2409,True
2378,True
2568,True
2567,True
2537,True
2441,True
2584,True
2569,True
2552,True
2524,True
2682,True
2674,True
2652,True
2631,True
2627,True
2606,True
2509,True
2499,True
2504,True
2215,True
2124,True
2182,True
2150,True
2315,True
2300,True
2211,True
2198,True
2168,True
4693,False
3913,False
3754,False
3586,False
3551,False
3290,False
3223,False
3176,False
2890,False
2857,False
2757,False
2730,False
2460,False
2587,False
2310,False
2217,False
2140,False
2063,False
3346,False
3301,False
3013,False
2992,False
2908,False
2893,False
2654,False
2426,False
2197,False
2180,False
1922,False
2073,True
2039,True
1968,True
2121,True
2122,True
2125,True
2134,True
1829,True
1821,True
2342,True
2289,True
2241,True
2397,True
2356,True
2342,True
2304,True
2297,True
2243,True
3171,False
3091,False
2764,False
2778,False
2768,False
2751,False
2554,False
2310,False
2000,False
1854,False
1609,False
2095,False
2206,False
2012,False
2376,False
2275,False
2636,False
2571,False
2384,False
2369,False
2300,False
2103,False
1990,False
5224,True
5219,True
5139,True
4958,True
4884,True
4768,True
4690,True
4623,True
4615,True
4530,True
4418,True
4406,True
4398,True
4360,True
4225,True
4151,True
3713,True
3621,True
3610,True
3554,True
3510,True
3447,True
3424,True
3322,True
3148,True
3134,True
2940,True
2859,True
2767,True
2714,True
2687,True
2662,True
2351,True
2434,True
2421,True
2416,True
2352,True
2444,True
2533,True
2528,True
3248,True
3209,True
3119,True
3027,True
2989,True
2957,True
2893,True
2849,True
2664,True
2633,True
2608,True
2468,True
2346,True
2306,True
2183,True
2187,True
2247,True
2413,True
2212,True
2266,True
2167,True
2151,True
2186,True
2156,True
2185,True
2675,True
2624,True
2498,True
2395,True
2393,True
2375,True
2330,True
2301,True
2270,True
2323,True
2208,True
2110,True
5412,False
5234,False
5192,False
5102,False
5065,False
4831,False
4596,False
4528,False
4363,False
4354,False
4256,False
3999,False
3942,False
3930,False
3758,False
3741,False
3497,False
3378,False
3060,False
2912,False
2883,False
2723,False
2711,False
2452,False
2029,False
1916,False
1917,False
2164,False
2179,False
1885,False
1902,False
1630,False
2936,False
2847,False
2744,False
2594,False
2430,False
2358,False
2294,False
2275,False
2089,False
2124,False
5077,True
5056,True
4958,True
4633,True
4590,True
4408,True
4280,True
4203,True
4098,True
4082,True
4072,True
4017,True
3981,True
3955,True
3935,True
3933,True
3854,True
3845,True
3798,True
3769,True
3718,True
3703,True
3692,True
3642,True
3387,True
3233,True
3197,True
3182,True
3067,True
2851,True
2770,True
2655,True
2656,True
3106,True
3016,True
2998,True
2911,True
2881,True
2856,True
2806,True
2795,True
2795,True
2751,True
2685,True
2671,True
2714,True
2684,True
2614,True
2594,True
2578,True
2473,True
2437,True
2401,True
2495,True
2994,True
2983,True
2858,True
2858,True
2807,True
2805,True
2680,True
2638,True
2587,True
3589,True
3584,True
3510,True
3478,True
3428,True
3392,True
3326,True
3236,True
3164,True
3114,True
3112,True
3069,True
3030,True
2972,True
2969,True
2927,True
2868,True
2778,True
2594,True
2454,True
2340,True
1838,True
1750,True
2192,True
2171,True
2099,True
2098,True
2048,True
5599,False
5418,False
5364,False
5288,False
5241,False
4997,False
4956,False
4638,False
4454,False
4380,False
4076,False
3928,False
3870,False
3756,False
3325,False
3301,False
2784,False
2499,False
2484,False
2843,False
2779,False
2713,False
2521,False
1952,False
1889,False
1870,False
2576,False
2342,False
2304,False
2159,False
2149,False
1982,False
2930,False
2742,False
2659,False
2635,False
2572,False
2582,False
2564,False
2561,False
2466,False
2396,False
2197,False
2280,True
2282,True
2242,True
2205,True
2930,False
2849,False
2842,False
2689,False
2593,False
2505,False
2499,False
2475,False
2735,False
2703,False
2464,False
2351,False
2035,False
2144,False
2045,False
2128,False
2060,False
2379,False
2448,False
2612,False
2455,False
2399,False
2447,False
2016,False
2601,False
5723,True
5697,True
5502,True
5419,True
5374,True
5358,True
5322,True
5280,True
5230,True
5200,True
5150,True
5031,True
4700,True
4532,True
4501,True
4457,True
4433,True
4297,True
4296,True
4292,True
4288,True
4255,True
4158,True
4153,True
4151,True
4090,True
4086,True
4066,True
3695,True
3623,True
3617,True
3589,True
3571,True
3510,True
3264,True
3249,True
3213,True
3208,True
3173,True
3147,True
3111,True
3005,True
2715,True
2624,True
2600,True
2475,True
2452,True
2644,True
2624,True
2602,True
2607,True
2591,True
2589,True
2590,True
2509,True
2480,True
2467,True
2380,True
2595,True
2598,True
2479,True
2478,True
2422,True
2608,True
2523,True
2496,True
2360,True
2323,True
2245,True
2212,True
2194,True
2187,True
2180,True
2780,True
2753,True
2652,True
2494,True
2489,True
2515,True
2458,True
2489,True
3388,True
3156,True
2985,True
2944,True
2911,True
2890,True
2858,True
2845,True
2633,True
2531,True
2503,True
2451,True
2354,True
2320,True
2388,True
2301,True
2319,True
2311,True
2211,True
2212,True
2380,True
2347,True
2167,True
5570,False
5566,False
5459,False
5318,False
5211,False
4866,False
4822,False
4689,False
4518,False
4487,False
4430,False
4134,False
4011,False
3910,False
3738,False
3653,False
3590,False
3253,False
3220,False
2787,False
2595,False
1887,False
2174,False
2157,False
2115,False
2285,False
2239,False
2053,False
2044,False
1968,False
2596,False
2503,False
2316,False
1835,False
2474,False
2445,False
2394,False
2342,False
2321,False
2256,False
2468,False
2457,False
2448,False
2323,False
2297,False
2005,False
5041,True
5009,True
4830,True
4775,True
4668,True
4577,True
4542,True
4506,True
4502,True
4453,True
4400,True
4363,True
4348,True
4276,True
4151,True
4123,True
4104,True
4026,True
3904,True
3871,True
3860,True
3823,True
3788,True
3639,True
3547,True
3419,True
3390,True
3367,True
3354,True
3302,True
3167,True
3047,True
3032,True
2992,True
3015,True
2927,True
2806,True
2722,True
2547,True
2415,True
2353,True
2341,True
2283,True
2218,True
2219,True
2136,True
2039,True
2502,True
2462,True
2430,True
2485,True
2364,True
2345,True
2297,True
2247,True
2474,True
2405,True
2379,True
2342,True
2310,True
2307,True
2299,True
2204,True
2071,True
2053,True
2005,True
2865,True
2866,True
2843,True
2829,True
2818,True
2801,True
2761,True
2644,True
2527,True
2322,True
2315,True
2290,True
2262,True
2181,True
2082,True
2102,True
2052,True
2352,True
2293,True
2216,True
2201,True
2172,True
2130,True
2085,True
2016,True
1992,True
4738,False
4725,False
4713,False
4712,False
4691,False
4563,False
4274,False
4153,False
4118,False
4069,False
4030,False
3660,False
3618,False
3488,False
3378,False
3305,False
3271,False
3179,False
2548,False
2439,False
2245,False
2152,False
1938,False
2036,False
2015,False
1966,False
2008,False
1857,False
2073,False
1954,False
2169,False
2543,False
2461,False
2183,False
2065,False
2406,False
2635,False
2354,False
2180,False
2258,False
2072,True
2054,True
2759,False
2578,False
2476,False
2784,False
2723,False
2630,False
2487,False
2220,False
1986,False
2655,False
2473,False
2413,False
2303,False
1879,False
2057,False
2215,False
2172,False
2005,False
2686,False
2449,False
2412,False
2331,False
2298,False
2155,False
2167,False
2082,False
1999,False
1915,False
5740,True
5737,True
5583,True
5471,True
5405,True
5374,True
5212,True
5205,True
5144,True
5053,True
5040,True
4988,True
4955,True
4890,True
4794,True
4780,True
4697,True
4497,True
4425,True
4336,True
4318,True
4316,True
4294,True
4277,True
4255,True
4236,True
4062,True
3897,True
3800,True
3797,True
3782,True
3738,True
3687,True
3624,True
3610,True
3568,True
3547,True
3520,True
3440,True
3396,True
3350,True
3349,True
3337,True
3328,True
3119,True
2886,True
2867,True
2838,True
2776,True
2745,True
2734,True
2678,True
3385,True
3371,True
3324,True
3310,True
2985,True
2952,True
2880,True
3958,True
3866,True
3834,True
3813,True
3795,True
3736,True
3647,True
3636,True
3598,True
3523,True
3518,True
3476,True
3448,True
3412,True
3286,True
3271,True
3142,True
3099,True
3086,True
3044,True
3039,True
3014,True
2966,True
2856,True
2849,True
2751,True
2692,True
2690,True
2670,True
2497,True
2448,True
2771,True
2690,True
2572,True
2558,True
2833,True
2686,True
2568,True
2557,True
2550,True
2525,True
2415,True
2424,True
2410,True
2411,True
2389,True
2560,True
2524,True
2492,True
2464,True
2410,True
2406,True
2336,True
2181,True
4470,False
4366,False
4365,False
4330,False
4273,False
4189,False
4123,False
4068,False
3891,False
3776,False
3614,False
3425,False
3403,False
3242,False
3034,False
2776,False
2693,False
2651,False
2503,False
2365,False
2321,False
2300,False
2537,False
2437,False
2289,False
2090,False
2147,False
1972,False
2930,False
2891,False
2884,False
2733,False
2677,False
2600,False
2403,False
2387,False
2300,False
2301,False
2241,False
1950,False
1881,False
1950,False
1835,False
1820,False
2096,False
5130,True
5127,True
4960,True
4959,True
4794,True
4680,True
4578,True
4572,True
4534,True
4460,True
4395,True
4241,True
4114,True
4077,True
4060,True
4022,True
3784,True
3744,True
3682,True
3542,True
3380,True
3350,True
3322,True
3312,True
3283,True
3178,True
2916,True
2896,True
2894,True
2821,True
2780,True
2680,True
2606,True
2586,True
2525,True
2507,True
3073,True
3073,True
2846,True
2798,True
2699,True
2654,True
2606,True
2517,True
2642,True
2649,True
2593,True
2539,True
2497,True
2445,True
2452,True
2294,True
2300,True
2266,True
2165,True
2036,True
2080,True
2197,True
2193,True
1995,True
1846,True
2353,True
2335,True
2268,True
2238,True
2138,True
2144,True
2775,True
2548,True
2537,True
2536,True
2535,True
2584,True
2585,True
2461,True
2451,True
2448,True
2361,True
2320,True
2285,True
2414,True
5201,False
5030,False
4852,False
4633,False
4524,False
4403,False
4399,False
4309,False
4265,False
4124,False
4099,False
3994,False
3903,False
3282,False
3055,False
2881,False
2536,False
2443,False
2076,False
3143,False
2768,False
2757,False
2566,False
2441,False
2426,False
2358,False
2303,False
2095,False
2047,True
2034,True
2126,True
2077,True
1974,True
2297,True
2233,True
2113,True
2076,True
2371,True
2361,True
2311,True
2242,True
2230,True
2313,True
2023,True
2004,True
1992,True
3182,False
3029,False
2877,False
2844,False
2459,False
2293,False
2211,False
2139,False
2050,False
1982,False
1991,False
2569,False
2449,False
2161,False
2153,False
2126,False
2190,False
2070,False
1839,False
1942,False
1554,False
2241,False
2171,False
2157,False
2020,False
1903,False
2258,False
1995,False
4853,True
4780,True
4658,True
4642,True
4585,True
4495,True
4458,True
4335,True
4224,True
4184,True
4040,True
3981,True
3976,True
3959,True
3953,True
3858,True
3823,True
3817,True
3711,True
3653,True
3509,True
3395,True
3278,True
3270,True
3183,True
3168,True
3118,True
2965,True
2955,True
2872,True
2842,True
2834,True
2586,True
2590,True
2553,True
2437,True
2301,True
2270,True
2250,True
2602,True
2550,True
2855,True
2790,True
2728,True
2680,True
2535,True
2505,True
2507,True
2442,True
2624,True
2516,True
2447,True
2370,True
2363,True
2206,True
2133,True
2182,True
2175,True
2526,True
2511,True
2720,True
2590,True
2577,True
2408,True
2558,True
2467,True
2986,True
2974,True
2968,True
2903,True
2839,True
2842,True
2761,True
2746,True
2701,True
2559,True
2529,True
2477,True
2411,True
2388,True
2268,True
4695,False
4547,False
4136,False
3683,False
3672,False
3488,False
3360,False
3225,False
3188,False
3134,False
3714,False
3529,False
3480,False
3288,False
3146,False
3032,False
2741,False
2697,False
2532,False
2516,False
2501,False
2475,False
2384,False
2159,False
1872,False
4992,True
4810,True
4713,True
4704,True
4552,True
4541,True
4502,True
4462,True
4339,True
4211,True
4201,True
4179,True
4086,True
4004,True
3754,True
3710,True
3672,True
3648,True
3536,True
3528,True
3523,True
3488,True
3408,True
3341,True
3293,True
2967,True
2955,True
2953,True
2948,True
2846,True
2771,True
2770,True
2766,True
2726,True
2722,True
2642,True
2597,True
2583,True
2433,True
3118,True
3108,True
3053,True
3023,True
3015,True
2768,True
2764,True
2678,True
2657,True
2631,True
2618,True
2608,True
2567,True
2396,True
2226,True
2347,True
2333,True
2311,True
2289,True
2289,True
2087,True
2060,True
2345,True
2335,True
2976,True
2847,True
2851,True
2840,True
2713,True
2673,True
2652,True
2649,True
2604,True
2574,True
2574,True
2474,True
2443,True
2323,True
2275,True
2218,True
2129,True
2743,True
2606,True
2514,True
2447,True
2366,True
2234,True
2188,True
2125,True
2102,True
2506,True
5763,False
5679,False
5631,False
5511,False
5503,False
5305,False
5265,False
5162,False
5123,False
4922,False
4838,False
4823,False
4720,False
4608,False
4378,False
4334,False
4119,False
4106,False
4052,False
3862,False
3754,False
3568,False
3549,False
3452,False
3330,False
3276,False
3118,False
3060,False
2900,False
2819,False
2543,False
2307,False
2279,False
3607,False
3174,False
2983,False
2731,False
2686,False
2536,False
2479,False
2196,False
2453,False
2455,False
2041,False
2466,False
2397,False
2392,False
2280,False
2226,False
2080,False
2063,False
1758,True
1734,True
1995,True
2190,True
2076,True
1969,True
1929,True
1915,True
1917,True
2009,True
2871,False
2819,False
2584,False
2585,False
2372,False
2073,False
1952,False
1994,False
2246,False
2217,False
2091,False
3068,False
2612,False
2408,False
2078,False
2080,False
2366,False
2732,False
2596,False
2548,False
2432,False
2360,False
2214,False
2082,False
5165,True
5052,True
4956,True
4874,True
4765,True
4695,True
4667,True
4625,True
4608,True
4496,True
4437,True
4087,True
4085,True
3953,True
3944,True
3907,True
3891,True
3768,True
3743,True
3674,True
3520,True
3502,True
3476,True
3377,True
3328,True
3304,True
3258,True
3236,True
3108,True
3096,True
3037,True
2954,True
2872,True
2797,True
2671,True
2668,True
2553,True
2550,True
2524,True
2513,True
2472,True
2447,True
2373,True
2291,True
3022,True
3003,True
2853,True
2850,True
2819,True
2793,True
2790,True
2998,True
2960,True
2917,True
2916,True
2795,True
2788,True
2758,True
2754,True
2719,True
2672,True
2621,True
2466,True
2399,True
2395,True
2343,True
2345,True
2437,True
2351,True
2275,True
2782,True
2771,True
2762,True
2756,True
2744,True
2691,True
2614,True
2538,True
2489,True
2568,True
2366,True
2192,True
2497,True
2851,True
2835,True
2587,True
2575,True
2416,True
5085,False
4564,False
4216,False
4198,False
4005,False
3977,False
3877,False
3865,False
3296,False
3059,False
3036,False
3002,False
2672,False
2540,False
2537,False
2277,False
2241,False
2121,False
2122,False
2137,False
2128,False
2050,False
2025,False
2002,False
2080,False
2205,False
3231,False
3020,False
3015,False
2918,False
2835,False
2807,False
2724,False
2644,False
2573,False
2567,False
2552,False
2368,False
2438,False
2457,False
2101,False
5310,True
5187,True
5092,True
5067,True
5042,True
5027,True
4985,True
4872,True
4867,True
4822,True
4750,True
4627,True
4559,True
4499,True
4342,True
4274,True
4194,True
4188,True
4082,True
3991,True
3892,True
3758,True
3757,True
3653,True
3637,True
3567,True
3344,True
3285,True
3261,True
3211,True
3145,True
3074,True
2941,True
2939,True
2918,True
2882,True
2813,True
2786,True
2778,True
2670,True
2656,True
2522,True
2503,True
2756,True
2605,True
2571,True
2470,True
3079,True
2968,True
2936,True
2917,True
2692,True
2690,True
2640,True
2627,True
2587,True
3310,True
3261,True
3249,True
3154,True
3150,True
2981,True
2981,True
2936,True
2919,True
2695,True
2685,True
2676,True
2607,True
2606,True
2539,True
2529,True
2382,True
2298,True
2687,True
2638,True
2635,True
2613,True
2606,True
2595,True
2561,True
2290,True
2209,True
2103,True
2057,True
2351,True
2195,True
2181,True
5105,False
5100,False
4841,False
4812,False
4729,False
4645,False
4610,False
4403,False
4363,False
4272,False
4185,False
3555,False
3503,False
3487,False
3425,False
3406,False
3396,False
3220,False
3167,False
2607,False
2497,False
2326,False
2218,False
2207,False
2500,False
2367,False
2355,False
2332,False
2801,False
2875,False
2366,False
2152,False
2005,False
1906,False
1906,False
2528,False
2344,False
2316,False
2079,False
1804,False
2065,False
2675,True
2527,True
2518,True
2436,True
2416,True
2258,True
2203,True
2191,True
2147,True
3036,False
2977,False
2935,False
2887,False
2815,False
3128,False
3105,False
3004,False
3017,False
2993,False
2903,False
2845,False
2822,False
2500,False
2170,False
2169,False
2098,False
1971,False
2748,False
2708,False
2707,False
2562,False
2511,False
2495,False
2467,False
2307,False
2304,False
2041,False
2040,False
2306,False
2156,False
2087,False
2069,False
2103,False
5043,True
4995,True
4959,True
4949,True
4827,True
4652,True
4631,True
4581,True
4482,True
4347,True
4334,True
4324,True
4216,True
4158,True
4127,True
3856,True
3855,True
3854,True
3776,True
3710,True
3708,True
3704,True
3682,True
3615,True
3584,True
3549,True
3370,True
3336,True
3275,True
3097,True
3047,True
2989,True
2910,True
2910,True
2769,True
2697,True
2698,True
2683,True
2639,True
2614,True
2592,True
2575,True
2552,True
2596,True
2486,True
2467,True
2444,True
2344,True
2535,True
2487,True
2414,True
2354,True
2346,True
2093,True
2043,True
2210,True
2129,True
2130,True
2123,True
2095,True
2088,True
1836,True
1814,True
1803,True
1777,True
2088,True
2068,True
2005,True
3338,True
3267,True
3230,True
3213,True
3213,True
3188,True
2786,True
2739,True
2706,True
2461,True
2372,True
2245,True
2241,True
2236,True
2240,True
2228,True
2264,True
2128,True
2117,True
2095,True
2072,True
2031,True
5631,False
5585,False
5446,False
5414,False
5404,False
5328,False
5160,False
5120,False
5047,False
5007,False
4986,False
4915,False
4488,False
4418,False
4288,False
3956,False
3843,False
3804,False
3794,False
3707,False
3401,False
3303,False
3183,False
3165,False
2361,False
2316,False
2103,False
2014,False
1989,False
1854,False
2052,False
2606,False
2173,False
1838,False
2318,False
2099,False
2374,False
2340,False
2148,False
5291,True
5285,True
5281,True
5176,True
5133,True
5107,True
4968,True
4936,True
4915,True
4908,True
4905,True
4876,True
4865,True
4699,True
4671,True
4584,True
4521,True
4505,True
4326,True
4241,True
4225,True
4165,True
3882,True
3855,True
3791,True
3785,True
3645,True
3589,True
3578,True
3468,True
3439,True
3394,True
3280,True
3201,True
3194,True
3193,True
3129,True
3114,True
3032,True
3015,True
2988,True
2897,True
2869,True
2799,True
2737,True
2728,True
2563,True
2496,True
2884,True
2799,True
2712,True
2702,True
2692,True
2603,True
2604,True
2498,True
2463,True
2409,True
2406,True
2241,True
2233,True
2502,True
2386,True
2380,True
2351,True
2172,True
2154,True
2114,True
2088,True
2263,True
2642,True
2461,True
2401,True
2366,True
2342,True
2280,True
2240,True
2140,True
2219,True
2060,True
2129,True
2074,True
2068,True
2341,True
2899,True
2902,True
2886,True
2812,True
2751,True
2678,True
2610,True
2585,True
2466,True
2317,True
2171,True
2323,True
2320,True
2339,True
2298,True
2271,True
2183,True
4604,False
4179,False
4140,False
4105,False
3871,False
3620,False
2858,False
2165,False
2010,False
1842,False
2106,False
2088,False
2068,False
2039,False
2216,False
2076,False
1917,False
2580,False
2580,False
2568,False
2384,False
2382,False
2347,False
2333,False
2327,False
2295,False
2280,False
2281,True
2282,True
2164,True
2741,False
2632,False
2434,False
2126,False
2432,False
2127,False
2741,False
2436,False
2378,False
2353,False
2231,False
2399,False
2249,False
2059,False
2039,False
2247,False
2122,False
1886,False
2237,False
2503,False
2319,False
2662,False
2580,False
2476,False
2439,False
2149,False
1835,False
1746,False
5876,True
5831,True
5816,True
5798,True
5760,True
5602,True
5587,True
5577,True
5471,True
5392,True
5364,True
5313,True
5193,True
5122,True
5084,True
4981,True
4979,True
4978,True
4970,True
4910,True
4895,True
4883,True
4804,True
4765,True
4719,True
4602,True
4587,True
4534,True
4529,True
4493,True
4478,True
4477,True
4464,True
4443,True
4235,True
4234,True
4173,True
4150,True
4147,True
4124,True
4094,True
4063,True
4027,True
4006,True
3782,True
3689,True
3602,True
3591,True
3574,True
3488,True
3450,True
3441,True
3188,True
3175,True
3103,True
3074,True
2924,True
2870,True
2796,True
2747,True
2664,True
2629,True
2563,True
2264,True
2120,True
2082,True
2872,True
3043,True
3026,True
2963,True
2884,True
2802,True
2782,True
2679,True
2622,True
2771,True
2757,True
2555,True
2680,True
2666,True
2635,True
2384,True
2379,True
2352,True
2333,True
2363,True
2188,True
2707,True
2565,True
2493,True
2422,True
2259,True
2245,True
2244,True
4710,False
4701,False
4520,False
4436,False
3921,False
3885,False
3780,False
3537,False
3380,False
3366,False
3198,False
3150,False
3096,False
2545,False
2228,False
2225,False
2591,False
2588,False
2491,False
2287,False
2141,False
2070,False
2602,False
2272,False
2240,False
2457,False
2343,False
2305,False
2233,False
2060,False
1837,False
2017,False
1925,False
1875,False
5624,True
5611,True
5490,True
5452,True
5398,True
5389,True
5336,True
5265,True
5238,True
5152,True
5090,True
5034,True
4970,True
4851,True
4757,True
4691,True
4627,True
4621,True
4536,True
4494,True
4396,True
4326,True
4255,True
4251,True
4236,True
4204,True
4140,True
4121,True
4081,True
4057,True
4009,True
3959,True
3951,True
3818,True
3765,True
3753,True
3735,True
3650,True
3577,True
3539,True
3488,True
3454,True
3443,True
3442,True
3404,True
3063,True
3024,True
2866,True
2841,True
2802,True
2777,True
2736,True
2706,True
2664,True
2622,True
2623,True
2621,True
2527,True
2519,True
2481,True
2412,True
2406,True
2407,True
2384,True
2453,True
2540,True
2518,True
2902,True
2882,True
3261,True
3181,True
3033,True
2986,True
2887,True
2806,True
2624,True
2609,True
2738,True
2712,True
2710,True
2874,True
2861,True
2782,True
2646,True
2576,True
2459,True
2458,True
2389,True
2376,True
2374,True
2242,True
2045,True
2205,True
2143,True
2308,True
2311,True
2244,True
2100,True
2859,True
2774,True
2771,True
2717,True
2690,True
2674,True
2648,True
2584,True
2586,True
2416,True
2384,True
2350,True
2272,True
2361,True
2357,True
2290,True
2242,True
2106,True
2179,True
2052,True
5552,False
5291,False
5105,False
4714,False
4197,False
4190,False
4104,False
3952,False
3691,False
3647,False
3402,False
3227,False
3045,False
3002,False
2891,False
2730,False
2628,False
2504,False
2392,False
2191,False
2192,False
2193,False
2397,False
2226,False
2024,False
2019,False
1967,False
2831,False
2807,False
2782,False
2646,False
2605,False
2324,False
2104,False
2122,False
1990,False
2058,True
2035,True
1888,True
1909,True
1830,True
1837,True
2062,True
2088,True
2867,False
2533,False
2392,False
2115,False
2116,False
2219,False
1724,False
2564,False
2436,False
2260,False
2317,False
2099,False
2006,False
1734,False
1984,False
2090,False
1815,False
5369,True
5358,True
5290,True
5243,True
5207,True
5131,True
5068,True
5023,True
4995,True
4989,True
4928,True
4822,True
4815,True
4658,True
4533,True
4449,True
4382,True
4312,True
4281,True
4264,True
4252,True
4206,True
4130,True
4113,True
4041,True
3930,True
3814,True
3641,True
3487,True
3420,True
3418,True
3400,True
3263,True
3255,True
3250,True
3226,True
3163,True
2777,True
2739,True
2707,True
2619,True
2615,True
2329,True
2266,True
2137,True
2114,True
2116,True
2386,True
2324,True
2326,True
2243,True
2529,True
2519,True
2507,True
2493,True
2668,True
2509,True
2546,True
2541,True
2476,True
2446,True
2445,True
2433,True
2344,True
2302,True
2293,True
2942,True
2771,True
2766,True
2686,True
2644,True
2527,True
2503,True
2487,True
2437,True
2423,True
2410,True
2402,True
2388,True
2384,True
2366,True
2258,True
2180,True
3351,True
3333,True
3336,True
3326,True
3232,True
3156,True
3118,True
3105,True
2966,True
5320,False
5082,False
4661,False
4416,False
4021,False
3898,False
3742,False
3488,False
3418,False
3143,False
2772,False
2639,False
2926,False
2825,False
2548,False
2667,False
2637,False
2453,False
2413,False
2386,False
2282,False
2188,False
2166,False
2051,False
2641,False
2532,False
2090,False
2021,False
1919,False
2230,False
2230,False
2196,False
2111,False
2132,False
1893,False
2474,False
2351,False
5929,True
5882,True
5628,True
5606,True
5568,True
5509,True
5476,True
5424,True
5260,True
5157,True
5146,True
5109,True
5027,True
4906,True
4761,True
4749,True
4649,True
4642,True
4598,True
4389,True
4350,True
4325,True
4253,True
4236,True
4211,True
4143,True
4038,True
3929,True
3914,True
3888,True
3812,True
3773,True
3746,True
3622,True
3561,True
3520,True
3473,True
3398,True
3385,True
3280,True
3278,True
3195,True
2990,True
2975,True
2944,True
2937,True
2924,True
2960,True
2896,True
2851,True
2827,True
2660,True
2592,True
2588,True
2541,True
2358,True
2217,True
2396,True
2892,True
2801,True
2720,True
2302,True
2287,True
2143,True
2125,True
2612,True
2611,True
2487,True
2370,True
2361,True
2291,True
2353,True
2319,True
2241,True
2098,True
2096,True
1976,True
1952,True
2983,True
2901,True
2812,True
2813,True
2694,True
2672,True
2638,True
2588,True
2550,True
2524,True
2685,True
2669,True
2583,True
2570,True
2416,True
2347,True
2235,True
2188,True
2163,True
2126,True
1933,True
5111,False
4964,False
4686,False
4545,False
4341,False
4271,False
4268,False
4063,False
3978,False
3909,False
3746,False
3445,False
3247,False
3140,False
2854,False
2796,False
2721,False
2670,False
2366,False
2341,False
2249,False
2581,False
2396,False
2175,False
1975,False
1901,False
1824,False
2105,False
2552,True
2538,True
2470,True
2460,True
2445,True
2418,True
2420,True
2423,True
2413,True
2393,True
2299,True
2267,True
2214,True
2200,True
2192,True
2189,True
2847,False
2385,False
2067,False
2072,False
2142,False
1904,False
1472,False
1852,False
1691,False
2245,False
1780,False
2003,False
2612,False
2586,False
2499,False
2401,False
2385,False
2155,False
2264,False
2229,False
5335,True
5324,True
5255,True
4965,True
4768,True
4682,True
4575,True
4527,True
4309,True
4184,True
4168,True
4051,True
3990,True
3960,True
3764,True
3682,True
3564,True
3555,True
3544,True
3441,True
3393,True
3359,True
3335,True
3316,True
3251,True
3239,True
3223,True
3183,True
3182,True
3165,True
3141,True
2923,True
2828,True
2819,True
2717,True
2716,True
2608,True
2568,True
2524,True
2320,True
2321,True
2380,True
2105,True
2475,True
2448,True
2384,True
2260,True
2197,True
2192,True
2110,True
2377,True
2367,True
2282,True
2257,True
2264,True
2255,True
2143,True
2135,True
2135,True
2341,True
2439,True
2352,True
2287,True
2270,True
2142,True
2130,True
2188,True
2191,True
2120,True
2728,True
2588,True
2563,True
2523,True
2457,True
2698,True
2693,True
2654,True
2566,True
2535,True
2432,True
2391,True
2347,True
2173,True
2258,True
2262,True
2147,True
4845,False
4828,False
4692,False
4609,False
4331,False
4241,False
4191,False
4111,False
3693,False
3524,False
3160,False
3073,False
3110,False
2991,False
2978,False
2945,False
2929,False
2832,False
2608,False
2424,False
2019,False
3205,False
2960,False
2958,False
2884,False
2819,False
2730,False
2717,False
2702,False
2507,False
2504,False
2365,False
1889,False
1869,False
1907,False
1894,False
1931,False
1948,False
2058,False
2029,False
5153,True
5102,True
5099,True
4960,True
4951,True
4913,True
4852,True
4815,True
4698,True
4661,True
4566,True
4505,True
4493,True
4107,True
4086,True
4078,True
4052,True
3900,True
3865,True
3590,True
3570,True
3548,True
3546,True
3512,True
3471,True
3389,True
3245,True
3174,True
3003,True
2992,True
2975,True
2930,True
2878,True
2818,True
2819,True
2764,True
2749,True
2749,True
2744,True
2698,True
2658,True
2486,True
2478,True
2859,True
2758,True
2668,True
2490,True
2489,True
2394,True
2370,True
2326,True
2364,True
2335,True
2274,True
2470,True
2448,True
2412,True
2386,True
2364,True
2334,True
2333,True
2330,True
2227,True
2155,True
2346,True
2277,True
2193,True
2165,True
2163,True
2163,True
2211,True
2184,True
2171,True
2160,True
2070,True
2016,True
2106,True
2024,True
2014,True
2068,True
2047,True
2639,True
2579,True
2460,True
2399,True
2384,True
2375,True
2601,True
2535,True
2533,True
2678,True
2460,True
2412,True
2414,True
2416,True
4769,False
4145,False
4123,False
4119,False
4027,False
3729,False
3426,False
3406,False
3237,False
2991,False
2582,False
2351,False
2767,False
2751,False
2712,False
2687,False
2663,False
2662,False
2610,False
2581,False
2171,False
2046,False
2291,False
2280,False
2605,False
2545,False
2725,False
2676,False
2661,False
2477,False
2451,False
2400,False
2415,False
2339,False
2292,False
2269,False
1993,False
2108,False
1926,False
1881,False
2007,False
2501,True
2467,True
2371,True
2340,True
2415,True
2386,True
2243,True
2198,True
2170,True
2132,True
2037,True
2012,True
2246,True
2181,True
2797,False
2493,False
2705,False
2494,False
2439,False
2199,False
2450,False
3097,False
3004,False
2314,False
2055,False
2007,False
1984,False
1902,False
1977,False
2299,False
2238,False
2240,False
2529,False
2369,False
2285,False
1892,False
4992,True
4939,True
4896,True
4884,True
4874,True
4765,True
4639,True
4629,True
4620,True
4586,True
4554,True
4528,True
4495,True
4423,True
4252,True
4240,True
4233,True
4205,True
4071,True
4039,True
4018,True
3945,True
3878,True
3842,True
3802,True
3741,True
3550,True
3382,True
3357,True
3284,True
3243,True
3231,True
3207,True
3167,True
3110,True
3094,True
3072,True
2825,True
2798,True
2704,True
2553,True
2493,True
2349,True
2295,True
2219,True
2114,True
2423,True
2407,True
3280,True
3247,True
3093,True
2871,True
2741,True
2637,True
2625,True
2581,True
2530,True
2411,True
2303,True
2135,True
2134,True
2662,True
2645,True
2630,True
2461,True
2422,True
2369,True
2304,True
2678,True
2673,True
2504,True
2349,True
2321,True
2263,True
2178,True
2182,True
2151,True
2038,True
1950,True
2131,True
2077,True
2076,True
2424,True
2398,True
2387,True
2363,True
4951,False
4900,False
4854,False
4757,False
4654,False
4472,False
4371,False
4304,False
3990,False
3846,False
3550,False
3388,False
3288,False
3107,False
3043,False
2852,False
2767,False
2762,False
2694,False
2566,False
2550,False
2332,False
2259,False
2260,False
2754,False
2757,False
2689,False
2615,False
2505,False
2470,False
2371,False
2235,False
2697,False
2684,False
2557,False
2292,False
2101,False
2101,False
1958,False
1853,False
1570,False
1690,False
1782,False
2225,False
2181,False
1975,False
1955,False
1950,False
1931,False
1776,False
1604,False
5346,True
5227,True
5113,True
5077,True
5013,True
4936,True
4879,True
4867,True
4854,True
4831,True
4749,True
4634,True
4604,True
4494,True
4407,True
4228,True
4041,True
3918,True
3841,True
3761,True
3734,True
3651,True
3602,True
3583,True
3555,True
3538,True
3507,True
3505,True
3481,True
3472,True
3467,True
3368,True
3310,True
3288,True
3185,True
3067,True
3065,True
2889,True
2790,True
2765,True
2619,True
2469,True
2452,True
2459,True
2449,True
2370,True
2863,True
2848,True
2776,True
3168,True
3146,True
3103,True
3138,True
3084,True
3071,True
2968,True
2952,True
2794,True
3307,True
3247,True
3228,True
3129,True
3020,True
2978,True
2776,True
2749,True
2686,True
2623,True
2574,True
2529,True
2514,True
2465,True
2069,True
2044,True
2021,True
1972,True
1977,True
2403,True
2370,True
2266,True
2696,True
2690,True
2672,True
2618,True
2488,True
2468,True
2381,True
2373,True
2357,True
2216,True
2086,True
2021,True
4615,False
4589,False
4502,False
4100,False
4079,False
4045,False
3981,False
3085,False
2895,False
2869,False
2647,False
2574,False
2440,False
2048,False
2049,False
2359,False
2354,False
2068,False
1955,False
2244,False
3238,False
3220,False
3204,False
3199,False
2783,False
2697,False
2375,False
2343,False
2286,False
2273,False
2205,False
1704,True
1951,True
1965,True
1961,True
2393,True
2348,True
2284,True
2282,True
2241,True
2170,True
2826,False
2728,False
2676,False
2429,False
2386,False
2209,False
1978,False
1935,False
1859,False
1801,False
1700,False
1767,False
2399,False
2285,False
1890,False
1773,False
2054,False
2012,False
1969,False
2026,False
2373,False
5490,True
5314,True
5296,True
5187,True
5081,True
5064,True
4992,True
4921,True
4905,True
4876,True
4865,True
4618,True
4617,True
4394,True
4383,True
4332,True
4330,True
4296,True
4245,True
4184,True
3991,True
3985,True
3853,True
3800,True
3779,True
3745,True
3744,True
3658,True
3635,True
3631,True
3546,True
3306,True
3187,True
3183,True
3144,True
3098,True
3088,True
3081,True
3047,True
2989,True
2930,True
2880,True
2867,True
2812,True
2738,True
2611,True
2271,True
2375,True
2327,True
2272,True
2120,True
2107,True
1981,True
1869,True
1860,True
2024,True
2222,True
2206,True
2180,True
2276,True
2231,True
2103,True
2335,True
2285,True
2151,True
2115,True
2121,True
2057,True
3215,True
3169,True
3164,True
3148,True
3141,True
3319,True
3301,True
3214,True
3208,True
3136,True
3056,True
2993,True
2978,True
2929,True
2930,True
2911,True
2759,True
2563,True
2522,True
2871,True
2801,True
2793,True
2810,True
2752,True
2749,True
2748,True
2748,True
2664,True
2636,True
2624,True
2429,True
2405,True
2351,True
2349,True
2304,True
2300,True
2284,True
2169,True
2168,True
6182,False
6132,False
5931,False
5830,False
5432,False
5421,False
5378,False
5240,False
5211,False
5139,False
4990,False
4795,False
4641,False
4613,False
4600,False
3804,False
3780,False
3687,False
3639,False
3477,False
3405,False
3280,False
3067,False
2785,False
2705,False
2492,False
2414,False
2342,False
2264,False
2179,False
1903,False
1683,False
1910,False
1867,False
2185,False
2015,False
2061,False
1998,False
2375,False
2309,False
2102,False
2004,False
2110,False
5104,True
5091,True
4961,True
4809,True
4770,True
4600,True
4459,True
4441,True
4395,True
4339,True
4338,True
4308,True
4305,True
4257,True
4125,True
4058,True
4015,True
3977,True
3932,True
3904,True
3840,True
3807,True
3680,True
3654,True
3642,True
3635,True
3598,True
3508,True
3477,True
3461,True
3347,True
3247,True
3083,True
3039,True
2968,True
2941,True
2940,True
2894,True
2823,True
3060,True
2931,True
2864,True
2862,True
2770,True
2756,True
2717,True
2713,True
2668,True
2666,True
2630,True
2569,True
2448,True
2406,True
2324,True
2319,True
2222,True
2312,True
2621,True
2626,True
2549,True
2530,True
2405,True
2442,True
2496,True
2482,True
2452,True
2372,True
2705,True
2618,True
2603,True
2563,True
2546,True
2450,True
2312,True
2242,True
2236,True
2689,True
2682,True
2593,True
2517,True
2431,True
2428,True
2370,True
2292,True
2181,True
1898,True
1881,True
2492,True
2437,True
2337,True
2073,True
2053,True
2054,True
5148,False
5076,False
5024,False
4882,False
4848,False
4738,False
4272,False
3870,False
3632,False
3509,False
3424,False
3316,False
3295,False
3195,False
3056,False
2999,False
2970,False
2940,False
2886,False
2771,False
2610,False
3070,False
3048,False
2851,False
2847,False
2736,False
2606,False
2371,False
2336,False
2910,False
2766,False
2457,False
2372,False
2210,False
2417,False
2648,False
2509,False
2276,False
2001,False
2063,False
2016,False
1963,False
1889,False
1725,False
1722,False
1546,True
2195,True
2054,True
2220,True
2223,True
2219,True
2198,True
2163,True
2346,True
2589,True
2528,True
2515,True
2462,True
3077,False
3039,False
2972,False
2902,False
2635,False
2473,False
2333,False
2683,False
2677,False
2524,False
2524,False
2403,False
2329,False
2209,False
2360,False
2194,False
1866,False
1983,False
1940,False
2162,False
2099,False
2139,False
2451,False
2430,False
2256,False
2238,False
5337,True
5332,True
5289,True
5202,True
5188,True
5172,True
5158,True
5151,True
5087,True
5047,True
5026,True
5011,True
4911,True
4905,True
4891,True
4860,True
4702,True
4681,True
4670,True
4535,True
4383,True
4349,True
4268,True
4073,True
4011,True
3911,True
3845,True
3723,True
3670,True
3556,True
3485,True
3480,True
3413,True
3322,True
3116,True
3072,True
2994,True
2940,True
2896,True
2838,True
2839,True
2733,True
2592,True
2563,True
2356,True
2188,True
2127,True
2411,True
2357,True
2189,True
2128,True
2124,True
2953,True
2936,True
2895,True
2884,True
2850,True
2696,True
2673,True
2615,True
2843,True
2788,True
2633,True
2610,True
2374,True
2347,True
2351,True
2301,True
2857,True
2854,True
2841,True
2835,True
2599,True
2541,True
2655,True
2640,True
2604,True
2515,True
2455,True
2443,True
2349,True
2278,True
2126,True
2109,True
2113,True
2173,True
2158,True
2430,True
2372,True
2252,True
5332,False
5324,False
5109,False
5036,False
4841,False
4831,False
4286,False
4214,False
4144,False
4139,False
4085,False
3950,False
3903,False
3744,False
3705,False
3659,False
3593,False
3485,False
3442,False
3378,False
3353,False
3323,False
3274,False
3260,False
2900,False
2577,False
2567,False
2302,False
2252,False
2177,False
2042,False
2033,False
2017,False
1987,False
2026,False
1955,False
2244,False
2327,False
2436,False
2423,False
2606,False
2555,False
2464,False
2367,False
5248,True
5179,True
5026,True
5010,True
4820,True
4805,True
4769,True
4767,True
4758,True
4750,True
4680,True
4668,True
4667,True
4659,True
4574,True
4570,True
4436,True
4413,True
4198,True
4122,True
4101,True
4055,True
3955,True
3912,True
3846,True
3789,True
3759,True
3730,True
3543,True
3405,True
3364,True
3360,True
3278,True
3228,True
3227,True
3162,True
3017,True
2986,True
2942,True
2753,True
2693,True
2605,True
2553,True
2272,True
2266,True
2192,True
2049,True
2040,True
2026,True
2067,True
2045,True
1997,True
1999,True
2001,True
1918,True
1922,True
2286,True
2205,True
2292,True
2201,True
2203,True
2191,True
2174,True
2160,True
2085,True
2261,True
2238,True
2100,True
2198,True
1988,True
1980,True
2325,True
2320,True
2261,True
2245,True
2335,True
2328,True
2729,True
2725,True
2657,True
2622,True
5356,False
5306,False
5237,False
5234,False
4881,False
4858,False
4694,False
4430,False
4231,False
3789,False
3732,False
3642,False
3466,False
3459,False
3396,False
3385,False
3097,False
3096,False
2926,False
2507,False
2369,False
2363,False
2234,False
2512,False
2472,False
3075,False
3041,False
2987,False
2554,False
2341,False
2273,False
2364,False
2248,False
2167,False
2041,False
1902,False
1927,False
1963,True
1952,True
1951,True
1949,True
2204,True
2190,True
2187,True
2127,True
1986,True
1893,True
1861,True
1757,True
1727,True
2167,True
1979,True
2048,True
1951,True
1921,True
1908,True
1670,True
1733,True
3163,False
2892,False
2760,False
2596,False
2282,False
2650,False
2597,False
2541,False
2283,False
2576,False
2413,False
2342,False
1962,False
1999,False
1952,False
2643,False
2525,False
2195,False
2018,False
2465,False
2346,False
2240,False
2076,False
2079,False
1945,False
1648,False
2033,False
2030,False
2166,False
4613,True
4584,True
4495,True
4483,True
4461,True
4455,True
4259,True
4248,True
4222,True
4163,True
4146,True
4087,True
4045,True
3946,True
3908,True
3711,True
3575,True
3507,True
3413,True
3384,True
3374,True
3258,True
3164,True
3130,True
2858,True
2836,True
2756,True
2513,True
2696,True
2659,True
2514,True
2494,True
2470,True
2242,True
2161,True
2159,True
2833,True
2748,True
2684,True
2675,True
2595,True
2580,True
2544,True
2509,True
2499,True
2426,True
2397,True
2314,True
2246,True
2202,True
2198,True
2148,True
2133,True
2361,True
4030,True
3978,True
3909,True
3848,True
3846,True
3825,True
3720,True
3690,True
3658,True
3642,True
3635,True
3635,True
3610,True
3564,True
3529,True
3505,True
3464,True
3398,True
3277,True
3249,True
3201,True
3175,True
3122,True
3086,True
2731,True
2536,True
2509,True
2443,True
2337,True
2290,True
2260,True
2248,True
2244,True
2233,True
2185,True
2171,True
2153,True
2122,True
2121,True
5218,False
5217,False
4919,False
4838,False
4533,False
4105,False
4060,False
3305,False
3013,False
2341,False
2334,False
2437,False
2239,False
2240,False
2489,False
2364,False
2743,False
2625,False
2274,False
1903,False
2097,False
2081,False
1761,False
2418,False
2334,False
2151,False
5049,True
4958,True
4931,True
4891,True
4657,True
4604,True
4594,True
4561,True
4557,True
4554,True
4549,True
4458,True
4197,True
4089,True
4078,True
4065,True
3976,True
3968,True
3965,True
3893,True
3782,True
3663,True
3489,True
3447,True
3429,True
3386,True
3302,True
3286,True
3055,True
3011,True
2893,True
2855,True
2660,True
2652,True
2620,True
2618,True
2539,True
2353,True
2222,True
2354,True
2314,True
2223,True
2224,True
2222,True
2162,True
2316,True
2260,True
2224,True
2134,True
2070,True
1860,True
2398,True
3003,True
2951,True
2931,True
2924,True
2821,True
3152,True
3099,True
2909,True
2831,True
2464,True
2361,True
2286,True
2168,True
2154,True
2133,True
2065,True
2368,True
2304,True
2306,True
2293,True
2393,True
2293,True
2289,True
2580,True
2563,True
2660,True
2662,True
2534,True
2531,True
2335,True
2207,True
2207,True
2201,True
2218,True
2330,True
2320,True
2277,True
2264,True
2187,True
2102,True
2096,True
2093,True
2041,True
1909,True
6465,False
6450,False
6070,False
5923,False
5873,False
5857,False
5705,False
5527,False
5140,False
4872,False
4674,False
4349,False
4228,False
4039,False
4035,False
3906,False
3746,False
3738,False
3712,False
3694,False
3543,False
3492,False
3433,False
3392,False
3349,False
3344,False
3252,False
3234,False
3178,False
3096,False
3090,False
3029,False
2899,False
2875,False
2434,False
2204,False
2135,False
2126,False
2089,False
1988,False
1944,False
1941,False
1848,False
1835,False
2095,False
2519,False
2480,False
1771,True
1709,True
2856,True
2755,True
2757,True
2587,True
2588,True
2589,True
2551,True
2556,True
2520,True
2392,True
2227,True
2187,True
2148,True
2093,True
1866,True
3123,False
3083,False
3071,False
3032,False
2679,False
2522,False
2360,False
2339,False
2222,False
2241,False
2176,False
1827,False
1944,False
2105,False
2099,False
2590,False
2594,False
2566,False
2363,False
2324,False
2272,False
1877,False
2304,False
2369,False
2409,False
2386,False
2337,False
2303,False
2211,False
1769,False
4829,True
4808,True
4687,True
4597,True
4590,True
4535,True
4486,True
4463,True
4459,True
4409,True
4369,True
4282,True
4268,True
4229,True
4130,True
4088,True
4081,True
4057,True
4028,True
4011,True
3961,True
3854,True
3849,True
3777,True
3754,True
3743,True
3725,True
3705,True
3670,True
3619,True
3516,True
3506,True
3491,True
3454,True
3414,True
3403,True
3373,True
3317,True
3246,True
3209,True
3086,True
2951,True
2945,True
2834,True
2793,True
2794,True
2775,True
2727,True
2719,True
2461,True
2314,True
2307,True
2255,True
2249,True
2461,True
2422,True
2396,True
2514,True
2508,True
2512,True
2463,True
2420,True
2409,True
2410,True
2382,True
2349,True
2775,True
2776,True
2721,True
2673,True
3567,True
3556,True
3364,True
3358,True
3313,True
3313,True
3310,True
3287,True
3262,True
3304,True
3298,True
3235,True
2978,True
2946,True
2809,True
2805,True
2802,True
2319,True
2227,True
2167,True
2116,True
2116,True
2015,True
1953,True
2415,True
2389,True
2271,True
2270,True
2242,True
2219,True
2163,True
2089,True
1985,True
1923,True
5064,False
4724,False
4536,False
4505,False
4257,False
4204,False
3996,False
3670,False
3592,False
3528,False
3513,False
3386,False
2336,False
2241,False
2214,False
2177,False
2178,False
2133,False
2040,False
2174,False
2012,False
2006,False
1904,False
1724,False
1976,False
2078,False
2070,False
2079,False
2064,False
2161,False
2869,False
2775,False
2774,False
2187,False
4938,True
4861,True
4859,True
4802,True
4762,True
4723,True
4683,True
4635,True
4563,True
4521,True
4484,True
4260,True
4221,True
4106,True
4088,True
4038,True
3824,True
3771,True
3636,True
3428,True
3392,True
3341,True
3311,True
3282,True
3273,True
3243,True
3236,True
3199,True
3151,True
3048,True
3009,True
2752,True
2504,True
2547,True
2505,True
2385,True
2501,True
2480,True
2489,True
2451,True
2405,True
2333,True
2308,True
2287,True
2142,True
2197,True
2191,True
2048,True
2643,True
2628,True
2601,True
2547,True
2537,True
2497,True
2950,True
2810,True
2786,True
2760,True
2752,True
2756,True
2746,True
2667,True
2657,True
2648,True
2560,True
2548,True
2520,True
2756,True
2668,True
2625,True
2566,True
2531,True
2510,True
2462,True
2351,True
2296,True
2983,True
2960,True
2939,True
2822,True
2728,True
2421,True
2407,True
1985,True
1935,True
2074,True
2103,True
2082,True
2041,True
5576,False
5413,False
5127,False
5085,False
4951,False
4939,False
4834,False
4750,False
4667,False
4573,False
3742,False
3664,False
3219,False
3172,False
2944,False
2935,False
2788,False
2436,False
2594,False
2589,False
2347,False
2323,False
2029,False
2028,False
2194,False
2188,False
2186,False
2309,False
2885,False
2802,False
2711,False
2555,False
2356,False
2100,False
2534,False
2293,False
2216,False
2478,False
2239,False
2241,False
2006,True
1974,True
1964,True
2896,True
2811,True
2705,True
2687,True
2582,True
2556,True
2465,True
2458,True
2457,True
2408,True
2362,True
2351,True
3091,False
3015,False
2914,False
2925,False
2742,False
2179,False
2162,False
2030,False
1904,False
1734,False
1765,False
2055,False
2039,False
2125,False
2498,False
2344,False
2230,False
2093,False
2305,False
2243,False
2350,False
2303,False
1978,False
1968,False
2035,False
5226,True
5179,True
5055,True
5039,True
5015,True
4976,True
4810,True
4697,True
4597,True
4457,True
4426,True
4398,True
4283,True
4206,True
4086,True
4044,True
4002,True
3933,True
3846,True
3818,True
3663,True
3652,True
3643,True
3587,True
3359,True
3292,True
3145,True
3068,True
3025,True
2993,True
2937,True
2883,True
2841,True
2722,True
2666,True
2507,True
2502,True
2608,True
2578,True
2573,True
2706,True
2705,True
2643,True
2573,True
2523,True
2504,True
2449,True
2434,True
2436,True
2346,True
2339,True
2280,True
2225,True
2132,True
2469,True
2391,True
2331,True
2312,True
2274,True
2265,True
2265,True
2230,True
2222,True
2205,True
2189,True
2197,True
2184,True
2135,True
2092,True
2143,True
2325,True
2306,True
2767,True
2762,True
2601,True
2588,True
2543,True
3233,True
2849,True
2818,True
2612,True
2603,True
2559,True
2544,True
2534,True
2399,True
2682,True
2722,True
2623,True
2549,True
2514,True
2458,True
2180,True
2200,True
2163,True
2168,True
2205,True
5459,False
5339,False
5219,False
5200,False
5028,False
4991,False
3959,False
3861,False
3361,False
3014,False
2938,False
2937,False
2608,False
2525,False
2456,False
2204,False
2277,False
2174,False
1977,False
1968,False
1616,False
1942,False
1916,False
2387,False
2207,False
2199,False
2132,False
2083,False
2007,False
2524,False
2492,False
2355,False
2306,False
2081,False
2025,False
1941,False
1874,False
2218,False
1954,False
1927,False
5192,True
5178,True
5164,True
4994,True
4946,True
4884,True
4856,True
4720,True
4592,True
4588,True
4317,True
4295,True
3924,True
3916,True
3850,True
3828,True
3815,True
3761,True
3660,True
3628,True
3578,True
3349,True
3213,True
3210,True
3159,True
3127,True
3029,True
2893,True
2889,True
2777,True
2759,True
2623,True
2615,True
2434,True
2422,True
2367,True
2364,True
2324,True
2479,True
2391,True
2024,True
2230,True
2223,True
2177,True
2169,True
1958,True
2121,True
2486,True
2554,True
2518,True
2370,True
2331,True
2266,True
2249,True
2159,True
2015,True
1996,True
1997,True
1977,True
1976,True
2330,True
3117,True
3101,True
3074,True
3029,True
2987,True
2891,True
2870,True
2860,True
2829,True
2803,True
2808,True
2783,True
2761,True
2755,True
2738,True
2724,True
2710,True
2574,True
2547,True
2540,True
2538,True
2514,True
2494,True
2452,True
2403,True
2374,True
2362,True
2261,True
2241,True
2107,True
2160,True
2093,True
2081,True
2246,True
2197,True
2152,True
2064,True
1995,True
4792,False
4779,False
4418,False
4346,False
4218,False
4197,False
4083,False
3993,False
3952,False
3619,False
3492,False
3247,False
2834,False
2663,False
2525,False
2720,False
2659,False
2605,False
2416,False
2211,False
2181,False
1881,False
2093,False
2088,False
2382,False
2356,False
2166,False
2011,False
1902,False
1869,False
1786,False
1666,False
2358,False
2267,False
1835,True
2163,True
2858,False
2748,False
2665,False
4039,False
3780,False
3508,False
3487,False
3045,False
2895,False
2389,False
2331,False
2295,False
2284,False
2255,False
1821,False
1790,False
1600,False
2320,False
2218,False
2148,False
2175,False
2094,False
1857,False
1841,False
5537,True
5501,True
5314,True
5226,True
5132,True
5117,True
5095,True
5045,True
5030,True
5020,True
4970,True
4954,True
4936,True
4928,True
4872,True
4852,True
4801,True
4796,True
4642,True
4422,True
4347,True
4304,True
4242,True
4231,True
4215,True
4161,True
3966,True
3896,True
3823,True
3725,True
3664,True
3555,True
3478,True
3457,True
3448,True
3166,True
3107,True
3001,True
2965,True
2917,True
2881,True
2866,True
2859,True
2835,True
2733,True
2695,True
2674,True
2665,True
2660,True
2765,True
2752,True
2669,True
2477,True
2411,True
2344,True
2218,True
2205,True
2065,True
2022,True
1764,True
2221,True
3187,True
3008,True
2961,True
2958,True
2869,True
2867,True
2977,True
2867,True
3219,True
3172,True
3153,True
3007,True
2988,True
2966,True
2851,True
2819,True
2794,True
2749,True
2727,True
2700,True
2526,True
2407,True
2404,True
2401,True
2388,True
2331,True
2250,True
2190,True
2177,True
2175,True
2361,True
2175,True
2174,True
2130,True
2151,True
4757,False
4465,False
4292,False
3919,False
3757,False
3459,False
4020,False
3836,False
3652,False
3511,False
3409,False
3093,False
2987,False
2791,False
2760,False
2691,False
2591,False
2548,False
2385,False
2736,False
2601,False
2842,False
2774,False
2761,False
2729,False
2867,False
2767,False
2733,False
2663,False
2727,False
2701,False
2668,False
2535,False
2491,False
2437,False
2328,False
2356,False
2277,False
2021,False
1958,False
1828,False
1862,False
2170,False
5174,True
5167,True
5136,True
5123,True
4975,True
4841,True
4764,True
4757,True
4720,True
4651,True
4641,True
4548,True
4521,True
4418,True
4411,True
4290,True
4281,True
4074,True
4027,True
3963,True
3892,True
3567,True
3525,True
3279,True
3211,True
3178,True
3138,True
3067,True
2998,True
2997,True
2971,True
2955,True
2841,True
2758,True
2671,True
2622,True
2516,True
2623,True
2549,True
2545,True
2517,True
2466,True
2500,True
2315,True
2295,True
2249,True
2237,True
2135,True
2136,True
2338,True
2624,True
2624,True
2485,True
2460,True
2416,True
2416,True
2384,True
2301,True
2091,True
2070,True
2073,True
2069,True
2041,True
2627,True
2614,True
2500,True
2483,True
2355,True
2342,True
2686,True
2685,True
2613,True
2716,True
2597,True
2399,True
2361,True
2205,True
2082,True
2313,True
5160,False
5073,False
4697,False
4653,False
4593,False
4579,False
4562,False
4446,False
4401,False
4110,False
4099,False
3533,False
3526,False
3033,False
2904,False
2963,False
2924,False
2684,False
2651,False
2482,False
2390,False
2347,False
2098,False
2585,False
2480,False
2314,False
2310,False
1988,False
1938,False
1972,False
2243,False
2457,False
2291,False
2182,False
2121,False
1913,False
1694,False
1748,False
1570,True
2109,True
2107,True
2005,True
1951,True
1783,True
2066,True
2054,True
2153,True
2271,True
2601,False
2245,False
2221,False
2222,False
2168,False
2054,False
2040,False
2109,False
2043,False
1997,False
2339,False
2199,False
2111,False
2121,False
1677,False
2482,False
2483,False
3027,False
2529,False
2498,False
2500,False
5426,True
5164,True
5156,True
5139,True
5120,True
5113,True
5112,True
5099,True
5080,True
5070,True
5035,True
5021,True
4943,True
4900,True
4882,True
4768,True
4756,True
4715,True
4630,True
4538,True
4484,True
4442,True
4351,True
4345,True
4150,True
4035,True
3999,True
3874,True
3795,True
3794,True
3791,True
3769,True
3731,True
3605,True
3551,True
3431,True
3319,True
3253,True
3222,True
3181,True
3031,True
3306,True
3297,True
3284,True
3143,True
3069,True
2629,True
2627,True
2581,True
2544,True
2968,True
2922,True
2876,True
2865,True
2864,True
2793,True
2732,True
2700,True
2672,True
3103,True
3076,True
3006,True
2984,True
2975,True
2911,True
2804,True
2802,True
2781,True
2764,True
2701,True
2491,True
2401,True
2411,True
2412,True
2663,True
2642,True
2642,True
2581,True
2494,True
2421,True
2681,True
2400,True
2319,True
2381,True
2931,True
2915,True
2851,True
2750,True
2702,True
2690,True
2556,True
2497,True
2483,True
2483,True
2505,True
2463,True
2360,True
2345,True
2312,True
2295,True
2450,True
2302,True
2286,True
2287,True
2443,True
2355,True
2392,True
2362,True
2291,True
2243,True
2222,True
2176,True
5903,False
5896,False
5771,False
5674,False
5666,False
5428,False
5177,False
5105,False
4731,False
4673,False
4599,False
4574,False
4453,False
3833,False
3774,False
3423,False
3084,False
2881,False
2519,False
2412,False
2158,False
1948,False
2088,False
1971,False
1876,False
2142,False
2090,False
2075,False
1882,False
1947,False
1833,False
2093,False
2089,False
2542,False
2231,False
2697,False
2644,False
2649,False
2632,False
2606,False
2484,False
5103,True
5100,True
5097,True
5082,True
4919,True
4885,True
4858,True
4840,True
4745,True
4664,True
4523,True
4500,True
4444,True
4421,True
4266,True
4253,True
4232,True
4205,True
4105,True
4097,True
3976,True
3942,True
3933,True
3628,True
3603,True
3578,True
3550,True
3498,True
3459,True
3450,True
3296,True
3257,True
2840,True
3020,True
2980,True
2841,True
2814,True
2763,True
2712,True
2662,True
2609,True
2381,True
2368,True
2323,True
2178,True
2095,True
2312,True
2191,True
2192,True
2059,True
2006,True
2163,True
2063,True
2125,True
2061,True
2441,True
2632,True
2603,True
2551,True
2512,True
2514,True
2504,True
2492,True
2416,True
2291,True
2265,True
2163,True
2855,True
2851,True
2843,True
2568,True
2518,True
2483,True
2314,True
2072,True
2074,True
1927,True
1760,True
1834,True
2230,True
2110,True
2082,True
2068,True
2220,True
2285,True
2260,True
2182,True
2284,True
2294,True
2376,True
2354,True
2334,True
2335,True
2213,True
2158,True
2077,True
2077,True
5541,False
5509,False
5425,False
5404,False
4968,False
4848,False
4716,False
4524,False
4424,False
4403,False
4183,False
4100,False
4061,False
4020,False
4013,False
3656,False
3629,False
3574,False
3548,False
3502,False
3364,False
3339,False
3337,False
2934,False
2864,False
2828,False
2753,False
2633,False
2620,False
2416,False
2338,False
2320,False
2312,False
2316,False
1844,False
1788,False
1581,False
2382,False
2346,False
2194,False
2090,False
1931,False
2542,False
2426,False
2371,False
2626,False
1772,True
1698,True
1707,True
2127,True
2048,True
2003,True
2197,True
2560,True
2554,True
2350,True
2279,True
2976,False
2681,False
2418,False
3291,False
3255,False
3616,False
3503,False
3432,False
3376,False
3344,False
2821,False
2751,False
2678,False
2650,False
2429,False
2610,False
2521,False
2197,False
1990,False
2575,False
2373,False
2353,False
2338,False
2046,False
2202,False
2190,False
1989,False
5266,True
5225,True
5219,True
5185,True
4806,True
4753,True
4581,True
4514,True
4421,True
4325,True
4312,True
4268,True
4228,True
4145,True
4092,True
4047,True
4033,True
3933,True
3900,True
3893,True
3672,True
3561,True
3479,True
3366,True
3318,True
3304,True
3265,True
3235,True
3117,True
3113,True
2861,True
2805,True
2759,True
2732,True
2568,True
2531,True
2540,True
2476,True
2471,True
4699,True
4645,True
4532,True
4515,True
4507,True
4498,True
4302,True
4236,True
4154,True
4119,True
4107,True
4108,True
3949,True
3847,True
3827,True
3818,True
3776,True
3726,True
3664,True
3569,True
3570,True
3135,True
3018,True
2925,True
2892,True
2926,True
2893,True
2888,True
2811,True
2773,True
2773,True
2767,True
2720,True
2652,True
2648,True
2628,True
2587,True
2486,True
2486,True
2462,True
2416,True
2389,True
2347,True
2295,True
2277,True
2264,True
2171,True
2304,True
2279,True
2106,True
1949,True
5157,False
5156,False
4947,False
4722,False
4661,False
4630,False
4344,False
4306,False
4159,False
3923,False
3743,False
3375,False
3144,False
3020,False
2974,False
2329,False
2107,False
2126,False
1908,False
1908,False
2487,False
2626,False
2545,False
2515,False
2351,False
2263,False
2258,False
2225,False
1933,False
2610,False
2619,False
2348,False
2219,False
2066,False
2048,False
1623,False
4929,True
4928,True
4763,True
4672,True
4626,True
4546,True
4384,True
4341,True
4339,True
4277,True
4222,True
4131,True
4089,True
4080,True
4058,True
4033,True
3994,True
3988,True
3955,True
3928,True
3919,True
3724,True
3721,True
3660,True
3607,True
3577,True
3565,True
3400,True
3386,True
3382,True
3379,True
3308,True
2941,True
2891,True
2758,True
2741,True
2721,True
2644,True
2475,True
2433,True
2423,True
2406,True
2601,True
2596,True
2537,True
2480,True
2441,True
2416,True
2324,True
2357,True
2333,True
2262,True
2520,True
2567,True
2531,True
2532,True
2508,True
2498,True
2470,True
2324,True
2320,True
2284,True
2253,True
2552,True
2441,True
2408,True
2220,True
2145,True
2091,True
2496,True
2497,True
2429,True
2333,True
2246,True
2609,True
2554,True
2362,True
2282,True
2236,True
2449,True
2450,True
2485,True
2471,True
2398,True
5045,False
5036,False
4998,False
4989,False
4831,False
4786,False
4737,False
4684,False
4594,False
4580,False
4549,False
4500,False
4395,False
4348,False
4100,False
4068,False
3904,False
3790,False
3717,False
3625,False
3602,False
3191,False
3107,False
2971,False
2883,False
2827,False
2340,False
2234,False
2146,False
2109,False
1686,False
1801,False
2166,False
2659,False
3308,False
3213,False
3121,False
2252,False
2239,False
2324,False
2265,False
1973,False
2187,False
2123,False
2130,False
1973,False
1858,False
1877,True
1946,True
1863,True
1837,True
1684,True
2277,True
2521,True
2482,True
2474,True
2345,True
2309,True
2191,True
2347,True
2316,True
2300,True
2278,True
2281,True
2308,True
2242,True
3218,False
2940,False
2577,False
2574,False
2504,False
2503,False
2411,False
2577,False
2499,False
2324,False
2211,False
2202,False
2242,False
2210,False
2191,False
2682,False
2397,False
2297,False
2289,False
2183,False
1930,False
2019,False
1656,False
2710,False
2531,False
5169,True
5142,True
5140,True
5119,True
5112,True
5058,True
5019,True
4921,True
4917,True
4907,True
4872,True
4827,True
4775,True
4764,True
4738,True
4700,True
4678,True
4628,True
4595,True
4581,True
4559,True
4440,True
4435,True
4269,True
4208,True
4149,True
4077,True
4074,True
4027,True
4016,True
3636,True
3594,True
3484,True
3428,True
3356,True
3344,True
3337,True
3217,True
2646,True
2587,True
2575,True
2428,True
2296,True
2324,True
2295,True
2693,True
2619,True
2574,True
2517,True
2541,True
2504,True
2490,True
2888,True
2889,True
2841,True
2828,True
2809,True
2804,True
2794,True
2775,True
2708,True
2616,True
2530,True
2648,True
2623,True
2651,True
2596,True
2312,True
2305,True
2259,True
2403,True
2065,True
1978,True
1956,True
1958,True
1871,True
1841,True
2201,True
2153,True
2149,True
2239,True
2219,True
2168,True
2134,True
2415,True
2344,True
2346,True
2344,True
2324,True
5453,False
5438,False
5288,False
5085,False
4928,False
4799,False
4411,False
4172,False
4141,False
4087,False
3918,False
3911,False
3880,False
3875,False
3744,False
3466,False
3411,False
3392,False
3357,False
3259,False
3215,False
3080,False
3045,False
3006,False
2973,False
2709,False
2707,False
2703,False
2632,False
2456,False
2457,False
2258,False
2570,False
2402,False
2640,False
2602,False
2454,False
2358,False
2251,False
2084,False
2240,False
2270,False
2262,False
2414,False
2317,False
2104,False
2030,False
1746,False
1827,False
1818,False
1818,False
1801,False
2065,False
1805,False
5273,True
5215,True
5208,True
5147,True
5113,True
4979,True
4889,True
4674,True
4672,True
4640,True
4633,True
4598,True
4536,True
4396,True
4308,True
4237,True
4179,True
4102,True
4082,True
3989,True
3843,True
3795,True
3752,True
3719,True
3679,True
3549,True
3530,True
3499,True
3488,True
3422,True
3395,True
3288,True
3145,True
3126,True
3103,True
3067,True
2972,True
2902,True
2892,True
2867,True
2693,True
2627,True
2459,True
2596,True
2453,True
2426,True
2395,True
2311,True
2193,True
2187,True
2187,True
2162,True
2162,True
2074,True
2205,True
2026,True
2767,True
2568,True
2387,True
2289,True
2297,True
2218,True
2199,True
2150,True
2370,True
2439,True
2576,True
2563,True
2552,True
2485,True
2340,True
2341,True
2364,True
2696,True
2619,True
2558,True
2469,True
2397,True
2324,True
2311,True
2280,True
2280,True
2272,True
2224,True
2169,True
5056,False
4939,False
4112,False
4003,False
3815,False
3640,False
3420,False
3479,False
3418,False
3329,False
3317,False
3237,False
3050,False
2785,False
2430,False
2395,False
2405,False
2077,False
1838,False
2227,False
2531,False
2505,False
2343,False
2295,False
2108,False
1932,False
1919,False
1787,False
2333,True
2191,True
2139,True
2130,True
2076,True
2060,True
2017,True
1958,True
2084,True
2178,True
2043,True
1891,True
1882,True
2830,False
2745,False
2739,False
2735,False
2325,False
2326,False
2255,False
2242,False
2243,False
2438,False
2403,False
2390,False
2318,False
2266,False
2144,False
2335,False
2241,False
2108,False
1991,False
2681,False
2619,False
2412,False
2381,False
2287,False
2254,False
2521,False
2458,False
2278,False
2561,False
2506,False
2107,False
1939,False
4801,True
4782,True
4770,True
4767,True
4749,True
4689,True
4630,True
4570,True
4519,True
4515,True
4457,True
4444,True
4420,True
4354,True
4301,True
4298,True
4236,True
4095,True
4006,True
3983,True
3933,True
3903,True
3855,True
3752,True
3722,True
3626,True
3577,True
3525,True
3427,True
3296,True
3290,True
3238,True
3229,True
3138,True
3123,True
3077,True
2789,True
2618,True
2581,True
2454,True
2540,True
2343,True
2439,True
2602,True
2483,True
2443,True
2321,True
2243,True
2246,True
2240,True
2217,True
2154,True
2107,True
2088,True
2330,True
2073,True
2177,True
2244,True
2401,True
2340,True
2207,True
2199,True
2398,True
2413,True
2618,True
2608,True
2589,True
2470,True
2412,True
2390,True
2356,True
2272,True
2205,True
2515,True
2398,True
2254,True
2223,True
2437,True
2374,True
2219,True
2222,True
2193,True
2254,True
2089,True
1989,True
5121,False
4917,False
4886,False
4830,False
4547,False
4402,False
4133,False
3997,False
3968,False
3964,False
3815,False
3702,False
3499,False
3388,False
3275,False
3159,False
3131,False
3101,False
2534,False
2309,False
2046,False
2047,False
2048,False
2284,False
2208,False
2449,False
2438,False
2424,False
2143,False
1933,False
1896,False
2174,False
2686,False
2589,False
2568,False
2533,False
2267,False
2255,False
2374,False
2299,False
2568,False
2489,False
2383,False
2383,False
2151,False
2087,False
2129,False
2057,False
1675,False
5352,True
5345,True
5315,True
5264,True
5243,True
5228,True
5196,True
5144,True
5119,True
5060,True
4941,True
4698,True
4638,True
4602,True
4543,True
4487,True
4388,True
4332,True
4329,True
4327,True
4297,True
4263,True
4200,True
4052,True
3987,True
3819,True
3615,True
3572,True
3563,True
3554,True
3479,True
3416,True
3362,True
3305,True
3196,True
3059,True
3037,True
3026,True
2984,True
2967,True
2933,True
2891,True
3170,True
3097,True
2974,True
2956,True
2881,True
2784,True
2741,True
2734,True
2700,True
2574,True
2487,True
2475,True
2477,True
2440,True
2439,True
2375,True
2279,True
2258,True
2243,True
2229,True
2124,True
2094,True
2071,True
2356,True
2309,True
2291,True
2248,True
2169,True
2105,True
2151,True
2508,True
2487,True
2396,True
2335,True
2082,True
2092,True
1971,True
2238,True
2006,True
1885,True
2191,True
2393,True
2386,True
2377,True
2288,True
2284,True
2375,True
4708,False
4590,False
4417,False
4319,False
3949,False
3845,False
3765,False
3499,False
3237,False
3054,False
2671,False
2523,False
2476,False
2225,False
1992,False
1783,False
2266,False
2243,False
2335,False
2328,False
2228,False
2140,False
1826,False
2477,False
2465,False
2436,False
2369,False
2040,False
1887,False
2143,False
2244,False
2197,False
2425,True
2567,True
2437,True
2414,True
2303,True
2246,True
2223,True
2223,True
2445,True
2383,True
2341,True
2295,True
2197,True
3118,False
3097,False
2941,False
2778,False
2627,False
2455,False
2526,False
2370,False
2457,False
1998,False
1739,False
2043,False
2118,False
2531,False
2699,False
2694,False
2473,False
2451,False
2354,False
2322,False
2294,False
2251,False
2253,False
2382,False
2254,False
2164,False
2633,False
5158,True
5064,True
5038,True
4987,True
4890,True
4883,True
4870,True
4864,True
4767,True
4741,True
4738,True
4713,True
4619,True
4594,True
4556,True
4508,True
4338,True
4279,True
4243,True
4149,True
4106,True
4033,True
4021,True
4019,True
3966,True
3839,True
3759,True
3684,True
3608,True
3512,True
3510,True
3330,True
3286,True
3231,True
3170,True
3126,True
3124,True
3120,True
2994,True
2981,True
2782,True
2705,True
2664,True
2747,True
2667,True
2588,True
2498,True
2415,True
2389,True
2309,True
2280,True
2234,True
2207,True
2198,True
2188,True
3257,True
3259,True
3174,True
3169,True
3055,True
2863,True
2805,True
2797,True
2592,True
2535,True
2535,True
2473,True
2417,True
2364,True
2295,True
2173,True
2123,True
2123,True
2102,True
2223,True
2201,True
2183,True
2443,True
2334,True
2591,True
2367,True
2365,True
2363,True
2306,True
2189,True
2168,True
2117,True
2079,True
2079,True
2002,True
1823,True
2326,True
2298,True
5377,False
5348,False
5287,False
4906,False
4821,False
4817,False
4779,False
4516,False
4381,False
4205,False
4072,False
4069,False
3928,False
3824,False
3566,False
3538,False
3238,False
3200,False
2880,False
2705,False
2642,False
2957,False
2772,False
2435,False
2867,False
2858,False
2856,False
2734,False
2447,False
2528,False
2617,False
2520,False
2499,False
2341,False
2266,False
2150,False
2026,False
2003,False
2005,False
1994,False
1943,False
1877,False
1871,False
1892,False
5455,True
5388,True
5291,True
5036,True
5008,True
5005,True
4971,True
4964,True
4878,True
4877,True
4590,True
4574,True
4545,True
4450,True
4442,True
4436,True
4422,True
4393,True
4357,True
4303,True
4267,True
4184,True
4156,True
4091,True
3989,True
3938,True
3880,True
3716,True
3715,True
3709,True
3643,True
3497,True
3322,True
3305,True
3298,True
3289,True
3252,True
3228,True
3138,True
2619,True
2336,True
2321,True
2288,True
2261,True
2241,True
2195,True
2471,True
2376,True
2372,True
2331,True
2251,True
2199,True
2117,True
2099,True
2200,True
2172,True
2014,True
2201,True
2185,True
2132,True
2075,True
1945,True
2180,True
2169,True
2149,True
2857,True
2860,True
2815,True
2633,True
2582,True
2559,True
2477,True
2621,True
2619,True
2426,True
2299,True
2847,True
2794,True
2765,True
2663,True
2652,True
2657,True
2603,True
4728,False
4725,False
4713,False
4633,False
4602,False
4511,False
4478,False
4398,False
4263,False
3685,False
3522,False
3331,False
3157,False
3126,False
3027,False
2635,False
2444,False
2288,False
2247,False
2196,False
1949,False
1887,False
1915,False
1618,False
1654,False
1816,False
2013,False
2326,False
2186,False
2292,True
2356,True
2642,True
2615,True
2605,True
2481,True
2466,True
2244,True
2227,True
2325,True
2318,True
2424,True
2404,True
2575,True
2558,True
2487,True
2433,True
2424,True
2365,True
2282,True
2133,True
2118,True
2109,True
2106,True
2076,True
3148,False
3078,False
2611,False
3103,False
3086,False
2867,False
2847,False
2836,False
2814,False
2338,False
3418,False
3340,False
3191,False
3047,False
2996,False
2579,False
2562,False
2422,False
2424,False
2362,False
2351,False
2613,False
2359,False
2171,False
2102,False
1844,False
1730,False
2360,False
4927,True
4881,True
4799,True
4757,True
4731,True
4695,True
4618,True
4561,True
4508,True
4469,True
4403,True
4340,True
4308,True
4299,True
4211,True
4054,True
3917,True
3790,True
3682,True
3679,True
3571,True
3547,True
3504,True
3405,True
3392,True
3374,True
3309,True
3176,True
3053,True
3044,True
2909,True
2898,True
2687,True
2619,True
2457,True
2439,True
2370,True
2350,True
2408,True
3162,True
3162,True
3112,True
3087,True
3068,True
2983,True
2941,True
2828,True
2827,True
2826,True
2642,True
2643,True
2621,True
2600,True
2542,True
2516,True
2521,True
2511,True
2460,True
2621,True
2595,True
2566,True
2429,True
2337,True
2329,True
2325,True
2323,True
2322,True
2322,True
2323,True
2201,True
2190,True
2174,True
2167,True
1805,True
1903,True
1890,True
2007,True
2177,True
2137,True
2104,True
2809,True
2801,True
2695,True
2576,True
2571,True
2381,True
2379,True
2384,True
2357,True
2210,True
2141,True
2097,True
2127,True
2172,True
2037,True
2301,True
2246,True
2364,True
2351,True
5125,False
5075,False
4843,False
4598,False
4511,False
4293,False
4280,False
3626,False
3483,False
3267,False
3133,False
3112,False
2985,False
2791,False
2645,False
2482,False
2474,False
2402,False
2312,False
2214,False
2250,False
2278,False
2222,False
2123,False
2038,False
2014,False
2125,False
2086,False
2189,False
1839,False
2185,False
2186,False
1924,False
1614,False
1564,False
5276,True
5151,True
5117,True
5116,True
5048,True
5029,True
5020,True
4926,True
4852,True
4755,True
4671,True
4670,True
4669,True
4654,True
4634,True
4567,True
4480,True
4389,True
4293,True
4190,True
4108,True
4091,True
3957,True
3836,True
3818,True
3730,True
3712,True
3639,True
3624,True
3603,True
3525,True
3496,True
3361,True
3302,True
3297,True
3284,True
3282,True
3266,True
3265,True
3052,True
2795,True
2647,True
2648,True
2629,True
2437,True
2439,True
2674,True
2619,True
2526,True
2439,True
2209,True
2171,True
2303,True
2296,True
2054,True
1932,True
2568,True
2511,True
2949,True
2944,True
2849,True
2776,True
2775,True
2733,True
2728,True
2704,True
2482,True
2471,True
2457,True
2449,True
2411,True
2251,True
2032,True
5307,False
5135,False
5097,False
5090,False
4832,False
4628,False
4409,False
4049,False
3797,False
3762,False
3717,False
3687,False
3582,False
3493,False
3478,False
3427,False
3296,False
3285,False
3236,False
3177,False
3153,False
3082,False
3044,False
2785,False
2689,False
2617,False
2608,False
2438,False
2680,False
2629,False
2606,False
2382,False
2396,False
2296,False
2371,False
2271,False
2208,False
2203,False
2171,False
2092,False
2092,False
2074,False
1923,False
1972,True
1934,True
2222,True
2195,True
2196,True
2311,True
2288,True
2219,True
2439,True
2442,True
2989,False
2753,False
2841,False
2837,False
2775,False
2678,False
2621,False
2390,False
2424,False
2070,False
2024,False
1565,False
2486,False
2476,False
2434,False
2136,False
1939,False
1924,False
2287,False
2181,False
2039,False
2489,False
2477,False
5506,True
5500,True
5452,True
5412,True
5363,True
5166,True
5162,True
5063,True
5044,True
5032,True
5022,True
4943,True
4927,True
4765,True
4710,True
4701,True
4651,True
4532,True
4517,True
4414,True
4392,True
3975,True
3913,True
3909,True
3871,True
3675,True
3616,True
3421,True
3396,True
3366,True
3363,True
3312,True
3302,True
3140,True
3109,True
3042,True
2915,True
2818,True
2817,True
2815,True
2571,True
2440,True
2371,True
2286,True
2619,True
2572,True
2441,True
2372,True
2287,True
2185,True
2776,True
2653,True
2576,True
2489,True
2419,True
2411,True
2381,True
2316,True
2441,True
2373,True
2360,True
2410,True
2374,True
2355,True
2289,True
2278,True
2274,True
2222,True
2217,True
2411,True
2563,True
2497,True
2498,True
2203,True
2180,True
2122,True
2852,True
2766,True
2755,True
2733,True
2620,True
2614,True
2590,True
2721,True
2725,True
2700,True
2686,True
2629,True
2632,True
2609,True
2572,True
2535,True
2507,True
2500,True
2364,True
2280,True
2233,True
2207,True
2226,True
2219,True
2151,True
2146,True
2237,True
2231,True
2326,True
2184,True
5729,False
5539,False
5353,False
4880,False
4862,False
4860,False
4498,False
4113,False
4098,False
3902,False
3800,False
3794,False
3438,False
3114,False
2918,False
2866,False
2749,False
2529,False
2522,False
2348,False
2703,False
2536,False
2498,False
2250,False
2109,False
2166,False
2254,False
2253,False
2241,False
2480,False
2114,False
2040,False
2010,False
1764,False
2082,False
2281,False
2218,False
2191,False
2544,False
2521,False
5178,True
5164,True
4967,True
4945,True
4831,True
4687,True
4627,True
4581,True
4511,True
4318,True
4200,True
4181,True
4128,True
3993,True
3986,True
3962,True
3899,True
3682,True
3513,True
3451,True
3449,True
3295,True
3238,True
3214,True
3103,True
2965,True
2897,True
2881,True
2839,True
2831,True
2753,True
2708,True
2595,True
2541,True
2470,True
2471,True
2410,True
2409,True
2409,True
2363,True
2368,True
2352,True
2350,True
2315,True
2291,True
2632,True
2617,True
2619,True
2553,True
2481,True
2394,True
2105,True
2108,True
2110,True
2112,True
2085,True
2054,True
2506,True
2660,True
2569,True
2564,True
2527,True
2484,True
2478,True
2422,True
2383,True
2350,True
2332,True
2312,True
2266,True
2244,True
2245,True
2270,True
4007,True
3964,True
3896,True
3876,True
3853,True
3812,True
3813,True
3811,True
3739,True
3620,True
3494,True
3474,True
3470,True
3414,True
3384,True
3234,True
3167,True
3009,True
2965,True
2934,True
2935,True
2932,True
2898,True
2859,True
2854,True
2845,True
2820,True
2579,True
2567,True
2540,True
2423,True
2423,True
2367,True
2299,True
2298,True
2202,True
2183,True
5574,False
5498,False
5457,False
5454,False
5181,False
4717,False
4587,False
4529,False
4437,False
4420,False
4312,False
4231,False
4049,False
3860,False
3672,False
3654,False
3416,False
3235,False
3175,False
3134,False
3046,False
2921,False
2802,False
2312,False
2203,False
2183,False
2146,False
2173,False
2086,False
2759,False
2531,False
2446,False
2323,False
2260,False
2223,False
3006,False
2976,False
2812,False
2651,False
2633,False
2309,False
2234,False
2159,False
1894,False
1798,False
1661,False
2022,True
1946,True
2440,True
2564,True
2480,True
2633,False
2608,False
3168,False
3030,False
2721,False
2576,False
2540,False
2542,False
2499,False
2501,False
2464,False
2464,False
2807,False
2957,False
2923,False
2876,False
2774,False
2684,False
2671,False
2610,False
2737,False
2716,False
2394,False
2302,False
2192,False
1938,False
1934,False
5705,True
5698,True
5599,True
5593,True
5521,True
5514,True
5483,True
5478,True
5428,True
5390,True
5371,True
5364,True
5268,True
5245,True
5191,True
5091,True
5059,True
5022,True
4830,True
4824,True
4818,True
4808,True
4798,True
4787,True
4673,True
4664,True
4561,True
4487,True
4481,True
4464,True
4414,True
4404,True
4176,True
4147,True
4088,True
4086,True
4083,True
4057,True
4034,True
4006,True
3939,True
3934,True
3739,True
3705,True
3699,True
3584,True
3572,True
3571,True
3544,True
3422,True
3235,True
3228,True
3189,True
3179,True
3161,True
3117,True
2896,True
2658,True
2648,True
2623,True
2621,True
2598,True
2417,True
2334,True
2391,True
2342,True
2284,True
2338,True
2292,True
2272,True
2271,True
2177,True
2108,True
2269,True
2254,True
2150,True
2132,True
2436,True
2980,True
2863,True
2846,True
2813,True
2669,True
2600,True
2575,True
2197,True
2154,True
2078,True
2035,True
2003,True
1961,True
1934,True
2444,True
2445,True
2399,True
2369,True
2318,True
2255,True
2291,True
2274,True
2270,True
2163,True
2046,True
2590,True
2550,True
2513,True
5013,False
4960,False
4714,False
4551,False
4336,False
4149,False
4081,False
3943,False
3911,False
3893,False
3838,False
3304,False
3207,False
3127,False
3044,False
2910,False
2903,False
2804,False
2621,False
2672,False
2670,False
2642,False
2352,False
2177,False
2182,False
1759,False
1914,False
1986,False
2027,False
5476,True
5190,True
5109,True
5066,True
4977,True
4959,True
4898,True
4885,True
4660,True
4576,True
4557,True
4522,True
4509,True
4435,True
4398,True
4221,True
4217,True
4155,True
4110,True
4070,True
3981,True
3947,True
3908,True
3854,True
3813,True
3753,True
3733,True
3710,True
3669,True
3641,True
3501,True
3356,True
3289,True
3140,True
3120,True
3110,True
2983,True
2917,True
2826,True
2787,True
2770,True
2739,True
2710,True
2666,True
2489,True
2483,True
2406,True
3450,True
3445,True
3356,True
3231,True
2987,True
2901,True
2853,True
2839,True
2841,True
2770,True
2616,True
2561,True
2544,True
2534,True
2423,True
2317,True
2382,True
2248,True
2601,True
2598,True
2573,True
2419,True
2412,True
2411,True
2311,True
2125,True
2089,True
2008,True
1893,True
2400,True
2537,True
2516,True
2497,True
2475,True
2474,True
2421,True
2416,True
2408,True
2338,True
2162,True
2099,True
2072,True
2045,True
2159,True
2060,True
2056,True
2283,True
2222,True
2190,True
2190,True
2187,True
2143,True
5370,False
5316,False
5039,False
4953,False
4884,False
4863,False
4837,False
4583,False
4484,False
4349,False
4301,False
4207,False
4083,False
3935,False
3921,False
3841,False
3796,False
3762,False
3602,False
3592,False
3444,False
3354,False
3189,False
3175,False
3007,False
2873,False
2615,False
2462,False
2174,False
1707,False
2471,False
2664,False
2636,False
2454,False
2297,False
2286,False
2243,False
2315,False
2301,False
2264,False
2141,False
2495,True
2760,True
2642,True
2637,True
2810,True
2624,True
2628,True
2603,True
2586,True
2609,True
2547,True
2542,True
3201,False
3198,False
2966,False
2832,False
2777,False
2768,False
2732,False
2720,False
2680,False
2613,False
2501,False
2435,False
2395,False
2376,False
2372,False
2317,False
2943,False
2862,False
2678,False
2335,False
2315,False
1949,False
1878,False
2143,False
2223,False
2830,False
2498,False
2354,False
2334,False
2271,False
2562,False
2456,False
2417,False
5470,True
5466,True
5449,True
5332,True
5297,True
5253,True
5209,True
5185,True
5162,True
5085,True
5061,True
4987,True
4966,True
4879,True
4865,True
4864,True
4828,True
4490,True
4483,True
4459,True
4444,True
4072,True
4060,True
3907,True
3897,True
3846,True
3794,True
3773,True
3720,True
3653,True
3619,True
3550,True
3547,True
3460,True
3382,True
3368,True
3329,True
3254,True
3237,True
3123,True
2947,True
2874,True
2833,True
2674,True
2562,True
2528,True
2503,True
2488,True
2443,True
2278,True
2303,True
2279,True
2324,True
2866,True
2789,True
2744,True
2625,True
2618,True
2605,True
2538,True
2293,True
2137,True
2352,True
2305,True
2201,True
2203,True
2243,True
2242,True
2244,True
2565,True
2565,True
2544,True
2535,True
2511,True
2496,True
2450,True
2445,True
2432,True
2409,True
2316,True
2292,True
2480,True
2449,True
2382,True
2351,True
2338,True
3097,True
3064,True
2902,True
2827,True
2830,True
2797,True
2793,True
2652,True
2625,True
2572,True
2545,True
2295,True
2410,True
2273,True
5202,False
4750,False
4542,False
4489,False
4480,False
4448,False
4396,False
4277,False
4172,False
4072,False
4033,False
3990,False
3908,False
3862,False
3756,False
3605,False
3276,False
2339,False
2337,False
2260,False
2170,False
2762,False
2248,False
2413,False
2368,False
2099,False
2417,False
2313,False
2249,False
1964,False
1972,False
1961,False
1903,False
1986,False
1937,False
2388,False
2208,False
2482,False
2558,False
2555,False
2555,False
5163,True
5158,True
5122,True
5026,True
4982,True
4958,True
4897,True
4855,True
4787,True
4772,True
4726,True
4690,True
4656,True
4622,True
4607,True
4500,True
4374,True
4243,True
3984,True
3879,True
3845,True
3768,True
3764,True
3701,True
3687,True
3680,True
3653,True
3639,True
3519,True
3420,True
3311,True
3185,True
3054,True
2945,True
2925,True
2787,True
2789,True
2758,True
2747,True
2773,True
2704,True
2588,True
2483,True
2435,True
2248,True
2218,True
2200,True
2212,True
2144,True
2345,True
2325,True
2303,True
2295,True
2294,True
2235,True
2210,True
2427,True
2412,True
2358,True
2469,True
2465,True
2450,True
2429,True
2337,True
2319,True
2662,True
2593,True
2547,True
2533,True
2490,True
2439,True
2380,True
2241,True
2670,True
2582,True
2527,True
2495,True
2494,True
2441,True
2373,True
2354,True
2207,True
2174,True
2130,True
2109,True
1987,True
2357,False
2358,False
2669,False
2537,False
2359,False
2670,False
2538,False
2360,False
2803,False
2671,False
2539,False
2361,False
2804,False
2672,False
2540,False
2362,False
2870,False
2805,False
2673,False
2541,False
2363,False
2806,False
2674,False
2542,False
2364,False
2339,False
2211,False
1973,False
2213,False
1991,False
1959,False
2103,False
1853,False
1869,False
1914,False
2138,False
2095,False
2103,False
2380,True
2213,True
2201,True
2193,True
2116,True
2099,True
2066,True
2040,True
1994,True
1984,True
1980,True
2232,True
2882,False
2501,False
2273,False
2032,False
2125,False
2770,False
2772,False
2490,False
2433,False
2311,False
2111,False
2012,False
2125,False
2404,False
2381,False
2363,False
2167,False
2007,False
2118,False
2046,False
1982,False
1939,False
1936,False
1960,False
2176,False
5171,True
5102,True
4981,True
4918,True
4871,True
4794,True
4699,True
4684,True
4676,True
4626,True
4474,True
4468,True
4410,True
4326,True
4304,True
4260,True
4216,True
4201,True
4198,True
4190,True
4170,True
4131,True
4078,True
4059,True
4041,True
4025,True
3966,True
3965,True
3948,True
3923,True
3884,True
3849,True
3615,True
3551,True
3482,True
3422,True
3348,True
3242,True
3203,True
3127,True
2990,True
2821,True
2812,True
2802,True
2772,True
2681,True
2358,True
2298,True
2214,True
2215,True
2182,True
2087,True
2444,True
2436,True
2421,True
2357,True
2577,True
2589,True
2443,True
3398,True
3220,True
3208,True
3104,True
2989,True
2954,True
2904,True
2802,True
2764,True
2742,True
2708,True
2688,True
2584,True
2656,True
2629,True
2494,True
2315,True
2236,True
2150,True
2204,True
2196,True
2138,True
2123,True
2299,True
2616,True
2584,True
2496,True
2359,True
2535,True
2529,True
2457,True
2453,True
2409,True
2314,True
2316,True
2290,True
2285,True
2279,True
2199,True
2170,True
2330,True
2305,True
5000,False
4918,False
4738,False
4442,False
4286,False
4133,False
3955,False
3912,False
3631,False
3554,False
3303,False
3190,False
3188,False
2458,False
2387,False
2363,False
2315,False
2198,False
2125,False
1932,False
1906,False
1873,False
1850,False
1893,False
1793,False
2252,False
2376,False
2208,False
2187,False
1836,False
2155,False
2132,False
2055,False
1974,False
5243,True
5235,True
5204,True
5171,True
5041,True
4988,True
4663,True
4655,True
4642,True
4638,True
4588,True
4551,True
4536,True
4419,True
4395,True
4214,True
4155,True
4069,True
4044,True
3981,True
3965,True
3928,True
3898,True
3878,True
3876,True
3857,True
3851,True
3819,True
3753,True
3653,True
3637,True
3591,True
3576,True
3557,True
3552,True
3507,True
3494,True
3455,True
3405,True
3392,True
3388,True
3321,True
3198,True
3147,True
3109,True
2968,True
2787,True
2776,True
2775,True
2688,True
2649,True
2465,True
2383,True
2502,True
2428,True
2533,True
2512,True
2362,True
2342,True
2220,True
2137,True
2119,True
2106,True
2054,True
2039,True
1953,True
1934,True
1913,True
1835,True
1761,True
2125,True
2114,True
2109,True
2105,True
1995,True
2401,True
2345,True
2267,True
2247,True
2174,True
2243,True
2366,True
2509,True
2485,True
2404,True
2353,True
2301,True
2188,True
2185,True
2069,True
2033,True
1895,True
2115,True
2117,True
2344,True
2320,True
2299,True
2235,True
2092,True
2094,True
2064,True
2006,True
2191,True
6055,False
5980,False
5833,False
5775,False
5774,False
5616,False
5327,False
5325,False
5086,False
4486,False
4261,False
4216,False
4065,False
3976,False
3806,False
3798,False
3771,False
3468,False
3335,False
2710,False
2612,False
2523,False
2371,False
2334,False
2335,False
2279,False
2032,False
2276,False
2328,False
2185,False
2515,False
2334,False
2167,False
2022,False
2023,False
1644,False
1805,False
1634,False
2077,False
2361,False
2162,False
1900,False
2010,True
2158,True
2108,True
2104,True
2514,True
2486,True
2568,False
2474,False
2475,False
1802,False
1798,False
1908,False
1909,False
2222,False
1862,False
2666,False
2614,False
2609,False
2341,False
2025,False
2116,False
2498,False
2335,False
2135,False
1825,False
5430,True
5418,True
5399,True
5380,True
5229,True
5136,True
5101,True
5029,True
4965,True
4949,True
4896,True
4894,True
4892,True
4882,True
4650,True
4579,True
4421,True
4398,True
4375,True
4294,True
4277,True
4179,True
4091,True
4086,True
3928,True
3816,True
3815,True
3553,True
3547,True
3497,True
3491,True
3471,True
3379,True
3283,True
3234,True
3147,True
3110,True
2870,True
2827,True
2823,True
2762,True
2763,True
2657,True
3124,True
3077,True
3052,True
2832,True
2770,True
2863,True
2834,True
2833,True
2757,True
2723,True
2708,True
2700,True
2664,True
2432,True
2395,True
2391,True
2168,True
2110,True
2347,True
2246,True
2236,True
2194,True
2240,True
2235,True
2402,True
2351,True
2215,True
2214,True
2170,True
2783,True
2710,True
2710,True
2710,True
2678,True
2644,True
2575,True
2541,True
2485,True
2636,True
2885,True
2871,True
2790,True
2772,True
2499,True
2404,True
2402,True
2365,True
2422,True
2434,True
2269,True
2104,True
4583,False
4497,False
4438,False
4247,False
4166,False
4108,False
3840,False
3827,False
3506,False
3365,False
3283,False
3266,False
3245,False
3144,False
3121,False
3029,False
2940,False
2937,False
2915,False
2844,False
2713,False
2568,False
2506,False
2464,False
2657,False
2635,False
2539,False
2456,False
2306,False
2249,False
2247,False
2038,False
2908,False
2832,False
2663,False
2619,False
2621,False
2579,False
2574,False
2189,False
2037,False
1957,False
4889,True
4813,True
4765,True
4750,True
4727,True
4700,True
4687,True
4678,True
4644,True
4527,True
4487,True
4470,True
4369,True
4250,True
4215,True
4088,True
4086,True
4060,True
4057,True
4015,True
3920,True
3887,True
3864,True
3759,True
3752,True
3683,True
3550,True
3442,True
3387,True
3385,True
3322,True
3264,True
3213,True
3197,True
3125,True
3108,True
3019,True
2787,True
2765,True
2725,True
2625,True
2570,True
2542,True
2488,True
2479,True
2404,True
2397,True
2323,True
2260,True
2199,True
2143,True
2121,True
2369,True
2216,True
2240,True
2215,True
2929,True
2871,True
2850,True
2834,True
2730,True
2499,True
2468,True
2447,True
2569,True
2574,True
2549,True
2662,True
2593,True
2351,True
2340,True
2342,True
2314,True
2255,True
2155,True
2150,True
2086,True
2062,True
2013,True
2286,True
2279,True
2336,True
2300,True
2219,True
2163,True
2169,True
2170,True
2150,True
1955,True
2243,True
2191,True
2128,True
2360,True
2316,True
2292,True
2467,True
2576,True
2565,True
2540,True
2527,True
2477,True
2462,True
2455,True
2430,True
2426,True
2448,True
2413,True
5933,False
5854,False
5407,False
5268,False
5076,False
4680,False
4495,False
4467,False
4428,False
4397,False
3947,False
3933,False
3801,False
3749,False
3607,False
3454,False
3191,False
3035,False
2975,False
2853,False
2817,False
2721,False
2578,False
2545,False
2412,False
2017,False
1985,False
2798,False
2678,False
2614,False
2469,False
2464,False
2407,False
2366,False
2220,False
2013,False
1922,False
2415,False
2440,False
2301,False
2147,False
2004,False
